,index,date,activity_type,date.1,favorite,title,distance,calories,time,avg_hr,max_hr,aerobic_te,avg_run_cadence,max_run_cadence,avg_pace,best_pace,elev_gain,elev_loss,avg_stride_length,avg_vertical_ratio,avg_vertical_oscillation,avg_ground_contact_time,avg_gct_balance,avg_run_cadence_1,max_run_cadence_1,normalized_powerâ_npâ,training_stress_scoreâ,max_avg_power_20_min,avg_power,max_power,grit,flow,total_strokes,avg__swolf,avg_stroke_rate,total_reps,total_sets,climb_time,max_depth,bottom_time,min_temp,gas_type,surface_interval,decompression,weight,current,surface_conditions,water_type,best_lap_time,number_of_laps,max_temp,avg_resp,min_resp,max_resp,stress_change,stress_start,stress_end,athlete_id,filetype,is_race,ft_per_mile,intensity,spd_ft_s,spd_mph,GAP_ft_s,GAP_by_intensity
0,0,2021-01-27 16:56:49,Running,2021-01-27 16:56:49,False,Denver Running,2.01,286,00:19:28,160,174,2.9,149,170,0 days 00:09:40,0 days 00:08:46,62,39,1.12,0.0,0.0,0,0,0,0,0,0.0,0,0,0,0.0,0.0,0,0,0,0,0,19:28,0,0:00,59.0,0,0:00,No,0.0,0,0,0,00:07.67,3,0.0,19,19,19,0,0,0,8,garmin,0,30.84577114427861,0.8205128205128205,9.103448275862068,6.206896551724138,9.103603620278133,11.095016912213975
1,2,2021-01-24 13:19:05,Running,2021-01-24 13:19:05,False,Denver Running,7.25,"1,017",01:13:01,159,184,4.2,147,207,0 days 00:10:04,0 days 00:08:39,272,269,1.09,0.0,0.0,0,0,0,0,0,0.0,0,0,0,0.0,0.0,0,0,0,0,0,1:13:01,0,0:00,53.6,0,0:00,No,0.0,0,0,0,02:25.59,8,0.0,14,14,14,0,0,0,8,garmin,0,37.51724137931034,0.8153846153846154,8.741721854304636,5.960264900662252,8.741942530484101,10.721250273235219
2,4,2021-01-22 16:27:05,Running,2021-01-22 16:27:05,False,Denver Running,2.79,351,00:28:08,140,147,2.4,145,180,0 days 00:10:05,0 days 00:08:07,49,56,1.1,0.0,0.0,0,0,0,0,0,0.0,0,0,0,0.0,0.0,0,0,0,0,0,28:08,0,0:00,66.2,0,0:00,No,0.0,0,0,0,08:05.52,3,0.0,19,19,19,0,0,0,8,garmin,0,17.56272401433692,0.717948717948718,8.727272727272727,5.950413223140496,8.727321006827827,12.15591140236733
3,5,2021-01-20 17:37:24,Running,2021-01-20 17:37:24,False,Denver Running,3.19,465,00:31:09,165,175,3.4,148,161,0 days 00:09:47,0 days 00:08:09,59,92,1.11,0.0,0.0,0,0,0,0,0,0.0,0,0,0,0.0,0.0,0,0,0,0,0,31:09,0,0:00,68.0,0,0:00,No,0.0,0,0,0,02:02.32,4,0.0,22,22,22,0,0,0,8,garmin,0,18.495297805642632,0.8461538461538461,8.99488926746167,6.132879045996593,8.994944452240395,10.630388898102284
4,8,2021-01-16 14:57:55,Running,2021-01-16 14:57:55,False,Denver Running,2.99,415,00:31:05,150,165,2.9,147,157,0 days 00:10:25,0 days 00:09:31,62,174,1.05,0.0,0.0,0,0,0,0,0,0.0,0,0,0,0.0,0.0,0,0,0,0,0,31:05,0,0:00,66.2,0,0:00,No,0.0,0,0,0,10:08.25,3,0.0,20,20,20,0,0,0,8,garmin,0,20.735785953177256,0.7692307692307693,8.448,5.760000000000001,8.448065147145641,10.982484691289333
5,10,2021-01-14 16:39:02,Running,2021-01-14 16:39:02,False,Denver Running,3.03,430,00:29:27,162,176,3.2,148,161,0 days 00:09:43,0 days 00:08:49,23,46,1.12,0.0,0.0,0,0,0,0,0,0.0,0,0,0,0.0,0.0,0,0,0,0,0,29:27,0,0:00,69.8,0,0:00,No,0.0,0,0,0,00:19.97,4,0.0,17,17,17,0,0,0,8,garmin,0,7.590759075907592,0.8307692307692308,9.056603773584905,6.174957118353345,9.056613132763133,10.901478770918585
6,12,2021-01-10 14:04:31,Running,2021-01-10 14:04:31,False,Denver Running,7.42,"1,055",01:14:17,165,182,4.3,148,208,0 days 00:10:01,0 days 00:07:21,282,276,1.09,11.8,13.0,301,50.0% L / 50.0% R,0,0,0,0.0,0,0,0,0.0,0.0,0,0,0,0,0,1:14:17,0,0:00,62.6,0,0:00,No,0.0,0,0,0,03:57.52,8,0.0,34,17,43,0,0,0,8,garmin,0,38.00539083557952,0.8461538461538461,8.785357737104823,5.990016638935107,8.785585323549125,10.382964473285329
7,15,2021-01-06 11:52:47,Running,2021-01-06 11:52:47,False,Denver Running,3.38,501,00:34:07,165,177,3.5,148,156,0 days 00:10:06,0 days 00:08:20,72,59,1.08,0.0,0.0,0,0,0,0,0,0.0,0,0,0,0.0,0.0,0,0,0,0,0,34:07,0,0:00,60.8,0,0:00,No,0.0,0,0,0,04:04.48,4,0.0,16,16,16,0,0,0,8,garmin,0,21.301775147928996,0.8461538461538461,8.712871287128712,5.9405940594059405,8.712942194809797,10.297113502957032
8,21,2020-12-31 10:48:33,Running,2020-12-31 10:48:33,False,Denver Running,2.69,364,00:23:34,167,187,3.8,150,167,0 days 00:08:45,0 days 00:07:46,49,13,1.22,0.0,0.0,0,0,0,0,0,0.0,0,0,0,0.0,0.0,0,0,0,0,0,23:34,0,0:00,62.6,0,0:00,No,0.0,0,0,0,05:53.76,3,0.0,21,21,21,0,0,0,8,garmin,0,18.21561338289963,0.8564102564102564,10.057142857142855,6.857142857142857,10.057202706995602,11.743440286611632
9,22,2020-12-29 15:23:38,Running,2020-12-29 15:23:38,False,Denver Running,2.08,309,00:20:04,168,179,3.2,151,185,0 days 00:09:39,0 days 00:08:14,75,43,1.1,0.0,0.0,0,0,0,0,0,0.0,0,0,0,0.0,0.0,0,0,0,0,0,20:04,0,0:00,51.8,0,0:00,No,0.0,0,0,0,00:51.46,3,0.0,24,24,24,0,0,0,8,garmin,0,36.05769230769231,0.8615384615384616,9.119170984455957,6.217616580310881,9.119383626095171,10.584998851717609
10,25,2020-12-27 13:15:53,Running,2020-12-27 13:15:53,False,Denver Running,6.29,939,01:04:28,165,180,4.5,149,160,0 days 00:10:15,0 days 00:07:50,279,253,1.05,0.0,0.0,0,0,0,0,0,0.0,0,0,0,0.0,0.0,0,0,0,0,0,1:04:28,0,0:00,66.2,0,0:00,No,0.0,0,0,0,03:08.79,7,0.0,29,29,29,0,0,0,8,garmin,0,44.35612082670906,0.8461538461538461,8.585365853658535,5.853658536585366,8.585668796308122,10.146699486545963
11,27,2020-12-24 14:22:18,Running,2020-12-24 14:22:18,False,Denver Running,2.96,426,00:28:45,159,172,3.5,146,163,0 days 00:09:42,0 days 00:08:38,30,23,1.14,0.0,0.0,0,0,0,0,0,0.0,0,0,0,0.0,0.0,0,0,0,0,0,28:45,0,0:00,68.0,0,0:00,No,0.0,0,0,0,09:23.77,3,0.0,16,16,16,0,0,0,8,garmin,0,10.135135135135135,0.8153846153846154,9.072164948453608,6.185567010309279,9.07218166212212,11.126260529017694
12,35,2020-12-06 14:35:50,Running,2020-12-06 14:35:50,False,Denver Running,5.54,781,00:56:40,166,177,4.1,149,204,0 days 00:10:14,0 days 00:08:16,69,56,1.05,11.9,12.7,300,50.2% L / 49.8% R,0,0,0,0.0,0,0,0,0.0,0.0,0,0,0,0,0,56:40,0,0:00,71.6,0,0:00,No,0.0,0,0,0,05:45.20,6,0.0,35,22,42,0,0,0,8,garmin,0,12.454873646209386,0.8512820512820513,8.599348534201955,5.863192182410424,8.599372458861069,10.101672466734389
13,36,2020-12-01 16:18:45,Running,2020-12-01 16:18:45,False,Denver Running,2.97,385,00:27:02,161,182,3.6,144,167,0 days 00:09:06,0 days 00:07:27,125,98,1.22,0.0,0.0,0,0,0,0,0,0.0,0,0,0,0.0,0.0,0,0,0,0,0,27:02,0,0:00,64.4,0,0:00,No,0.0,0,0,0,08:46.98,3,0.0,18,18,18,0,0,0,8,garmin,0,42.08754208754208,0.8256410256410256,9.67032967032967,6.593406593406594,9.67063688621488,11.71288318516709
14,38,2020-11-26 11:57:40,Running,2020-11-26 11:57:40,False,Berkeley Running,3.11,487,00:36:33,156,195,3.9,143,187,0 days 00:11:45,0 days 00:08:23,817,814,0.95,0.0,0.0,0,0,0,0,0,0.0,0,0,0,0.0,0.0,0,0,0,0,0,36:33,0,0:00,75.2,0,0:00,No,0.0,0,0,0,01:15.31,4,0.0,20,20,20,0,0,0,8,garmin,0,262.7009646302251,0.8,7.48936170212766,5.1063829787234045,7.498625771095809,9.37328221386976
15,39,2020-11-25 13:13:04,Running,2020-11-25 13:13:04,False,San Francisco Running,3.4,430,00:29:49,171,187,4.2,149,162,0 days 00:08:46,0 days 00:07:36,141,161,1.23,0.0,0.0,0,0,0,0,0,0.0,0,0,0,0.0,0.0,0,0,0,0,0,29:49,0,0:00,75.2,0,0:00,No,0.0,0,0,0,03:15.69,4,0.0,20,20,20,0,0,0,8,garmin,0,41.470588235294116,0.8769230769230769,10.03802281368821,6.844106463878326,10.038332430141317,11.447221192266413
16,43,2020-11-20 15:16:54,Running,2020-11-20 15:16:54,False,Denver Running,3.08,284,00:29:02,132,140,2.1,144,163,0 days 00:09:25,0 days 00:07:35,56,43,1.19,0.0,0.0,0,0,0,0,0,0.0,0,0,0,0.0,0.0,0,0,0,0,0,29:02,0,0:00,60.8,0,0:00,No,0.0,0,0,0,00:51.10,4,0.0,17,17,17,0,0,0,8,garmin,0,18.18181818181818,0.676923076923077,9.345132743362832,6.371681415929204,9.345188149894813,13.805391585071883
17,44,2020-11-17 12:51:10,Running,2020-11-17 12:51:10,False,Denver Running,2.54,308,00:21:42,170,187,3.6,148,234,0 days 00:08:34,0 days 00:07:11,23,16,1.27,0.0,0.0,0,0,0,0,0,0.0,0,0,0,0.0,0.0,0,0,0,0,0,21:42,0,0:00,82.4,0,0:00,No,0.0,0,0,0,04:38.08,3,0.0,23,23,23,0,0,0,8,garmin,0,9.05511811023622,0.8717948717948718,10.27237354085603,7.003891050583658,10.272388647252626,11.783034036554483
18,45,2020-11-15 15:22:53,Running,2020-11-15 15:22:53,False,Denver Running,5.64,774,00:54:10,175,191,5.0,147,159,0 days 00:09:37,0 days 00:07:19,95,108,1.14,0.0,0.0,0,0,0,0,0,0.0,0,0,0,0.0,0.0,0,0,0,0,0,54:10,0,0:00,75.2,0,0:00,No,0.0,0,0,0,06:32.37,6,0.0,19,19,19,0,0,0,8,garmin,0,16.843971631205676,0.8974358974358975,9.150779896013864,6.239168110918544,9.15082645978718,10.19663519804857
19,46,2020-11-13 10:12:27,Running,2020-11-13 10:12:27,False,Denver Running,2.56,332,00:25:42,158,178,3.5,138,159,0 days 00:10:02,0 days 00:08:27,30,26,1.17,0.0,0.0,0,0,0,0,0,0.0,0,0,0,0.0,0.0,0,0,0,0,0,25:42,0,0:00,77.0,0,0:00,No,0.0,0,0,0,05:40.27,3,0.0,15,15,15,0,0,0,8,garmin,0,11.71875,0.8102564102564103,8.770764119601328,5.980066445182724,8.77078572198298,10.824703897384058
20,47,2020-11-08 13:08:52,Running,2020-11-08 13:08:52,False,Denver - RL2,5.38,678,00:58:37,156,175,3.6,144,202,0 days 00:10:54,0 days 00:09:11,217,236,1.03,12.5,13.1,316,50.3% L / 49.7% R,0,0,0,0.0,0,0,0,0.0,0.0,0,0,0,0,0,58:37,0,0:00,71.6,0,0:00,No,0.0,0,0,0,04:17.35,6,0.0,31,18,39,0,0,0,8,garmin,0,40.33457249070632,0.8,8.073394495412844,5.504587155963303,8.073630058324659,10.092037572905822
21,50,2020-11-04 13:49:07,Running,2020-11-04 13:49:07,False,Denver Running,2.83,366,00:26:31,169,180,3.9,145,157,0 days 00:09:22,0 days 00:08:07,33,46,1.18,0.0,0.0,0,0,0,0,0,0.0,0,0,0,0.0,0.0,0,0,0,0,0,26:31,0,0:00,84.2,0,0:00,No,0.0,0,0,0,07:53.93,3,0.0,16,16,16,0,0,0,8,garmin,0,11.66077738515901,0.8666666666666667,9.395017793594304,6.405693950177936,9.39504070513241,10.840431582845087
22,52,2020-10-29 11:11:03,Running,2020-10-29 11:11:03,False,Denver Running,2.8,398,00:27:58,175,186,3.8,147,156,0 days 00:10:00,0 days 00:08:26,20,13,1.1,0.0,0.0,0,0,0,0,0,0.0,0,0,0,0.0,0.0,0,0,0,0,0,27:58,0,0:00,73.4,0,0:00,No,0.0,0,0,0,08:22.46,3,0.0,18,18,18,0,0,0,8,garmin,0,7.142857142857143,0.8974358974358975,8.799999999999999,6.0,8.800008052459724,9.80572325845512
23,53,2020-10-28 17:06:30,Running,2020-10-28 17:06:30,False,Denver Running,2.58,346,00:27:11,164,183,3.7,145,168,0 days 00:10:31,0 days 00:08:21,128,49,1.06,12.0,13.1,305,50.3% L / 49.7% R,0,0,0,0.0,0,0,0,0.0,0.0,0,0,0,0,0,27:11,0,0:00,66.2,0,0:00,No,0.0,0,0,0,06:44.39,3,0.0,31,22,40,0,0,0,8,garmin,0,49.61240310077519,0.841025641025641,8.36767036450079,5.7052297939778125,8.368039748147275,9.949803359077553
24,54,2020-10-27 16:29:41,Running,2020-10-27 16:29:41,False,Denver Running,3.0,398,00:27:43,174,191,4.0,149,170,0 days 00:09:15,0 days 00:07:32,23,33,1.17,11.0,12.9,293,50.1% L / 49.9% R,0,0,0,0.0,0,0,0,0.0,0.0,0,0,0,0,0,27:43,0,0:00,73.4,0,0:00,No,0.0,0,0,0,08:53.80,3,0.0,34,19,41,0,0,0,8,garmin,0,7.666666666666667,0.8923076923076924,9.513513513513514,6.486486486486487,9.513523542476591,10.66170741829273
25,56,2020-10-23 14:47:16,Running,2020-10-23 14:47:16,False,Denver Running,3.05,376,00:28:46,159,180,3.6,149,233,0 days 00:09:26,0 days 00:08:19,46,26,1.16,10.9,12.7,291,50.4% L / 49.6% R,0,0,0,0.0,0,0,0,0.0,0.0,0,0,0,0,0,28:46,0,0:00,68.0,0,0:00,No,0.0,0,0,0,00:29.95,4,0.0,34,17,41,0,0,0,8,garmin,0,15.081967213114755,0.8153846153846154,9.328621908127207,6.360424028268551,9.328659965144661,11.44080939121515
26,57,2020-10-20 16:42:54,Running,2020-10-20 16:42:54,False,Denver Running,2.99,404,00:30:15,162,177,3.6,145,154,0 days 00:10:08,0 days 00:09:24,7,10,1.09,0.0,0.0,0,0,0,0,0,0.0,0,0,0,0.0,0.0,0,0,0,0,0,30:15,0,0:00,73.4,0,0:00,No,0.0,0,0,0,09:52.03,3,0.0,14,14,14,0,0,0,8,garmin,0,2.341137123745819,0.8307692307692308,8.68421052631579,5.921052631578948,8.684211379978251,10.453217401825672
27,59,2020-10-16 15:23:27,Running,2020-10-16 15:23:27,False,Denver Running,2.98,444,00:29:46,177,191,4.6,142,160,0 days 00:09:59,0 days 00:08:21,30,36,1.13,0.0,0.0,0,0,0,0,0,0.0,0,0,0,0.0,0.0,0,0,0,0,0,29:46,0,0:00,82.4,0,0:00,No,0.0,0,0,0,09:35.96,3,0.0,22,22,22,0,0,0,8,garmin,0,10.06711409395973,0.9076923076923077,8.814691151919867,6.010016694490819,8.814707173998027,9.711118073048674
28,60,2020-10-09 16:52:20,Running,2020-10-09 16:52:20,False,Denver Running,2.31,301,00:19:51,175,194,4.2,150,159,0 days 00:08:36,0 days 00:08:06,10,23,1.25,0.0,0.0,0,0,0,0,0,0.0,0,0,0,0.0,0.0,0,0,0,0,0,19:51,0,0:00,86.0,0,0:00,No,0.0,0,0,0,02:34.55,3,0.0,19,19,19,0,0,0,8,garmin,0,4.329004329004329,0.8974358974358975,10.232558139534882,6.976744186046512,10.232561578773806,11.401997187776526
29,61,2020-10-08 16:26:48,Running,2020-10-08 16:26:48,False,Denver Running,2.84,377,00:28:38,159,176,3.7,147,157,0 days 00:10:05,0 days 00:08:35,23,16,1.09,0.0,0.0,0,0,0,0,0,0.0,0,0,0,0.0,0.0,0,0,0,0,0,28:38,0,0:00,86.0,0,0:00,No,0.0,0,0,0,08:45.09,3,0.0,19,19,19,0,0,0,8,garmin,0,8.098591549295776,0.8153846153846154,8.727272727272727,5.950413223140496,8.727282993229794,10.703271595470502
30,62,2020-10-06 12:59:38,Running,2020-10-06 12:59:38,False,Denver Running,2.66,391,00:27:04,172,188,4.3,144,156,0 days 00:10:09,0 days 00:09:08,36,30,1.1,0.0,0.0,0,0,0,0,0,0.0,0,0,0,0.0,0.0,0,0,0,0,0,27:04,0,0:00,87.8,0,0:00,No,0.0,0,0,0,06:43.67,3,0.0,17,17,17,0,0,0,8,garmin,0,13.533834586466165,0.882051282051282,8.669950738916256,5.911330049261084,8.669979220215977,9.829336906640206
31,63,2020-10-05 17:59:32,Running,2020-10-05 17:59:32,False,Denver - RF4 or Cross-Train,3.06,416,00:31:23,158,183,4.0,140,160,0 days 00:10:15,0 days 00:08:27,16,36,1.12,0.0,0.0,0,0,0,0,0,0.0,0,0,0,0.0,0.0,0,0,0,0,0,31:23,0,0:00,78.8,0,0:00,No,0.0,0,0,0,01:23.40,5,0.0,21,21,21,0,0,0,8,garmin,0,5.228758169934641,0.8102564102564103,8.585365853658535,5.853658536585366,8.585370063424689,10.595868116251989
32,64,2020-10-02 16:21:56,Running,2020-10-02 16:21:56,False,Denver Running,2.56,332,00:28:16,145,160,3.0,147,156,0 days 00:11:03,0 days 00:09:49,26,30,0.99,0.0,0.0,0,0,0,0,0,0.0,0,0,0,0.0,0.0,0,0,0,0,0,28:16,0,0:00,84.2,0,0:00,No,0.0,0,0,0,06:06.56,3,0.0,14,14,14,0,0,0,8,garmin,0,10.15625,0.7435897435897436,7.963800904977374,5.4298642533936645,7.9638156379003044,10.709958961314202
33,65,2020-10-01 12:15:07,Running,2020-10-01 12:15:07,False,Denver Running,3.1,458,00:29:32,179,190,5.0,147,159,0 days 00:09:32,0 days 00:08:38,23,23,1.15,0.0,0.0,0,0,0,0,0,0.0,0,0,0,0.0,0.0,0,0,0,0,0,29:32,0,0:00,77.0,0,0:00,No,0.0,0,0,0,01:13.86,4,0.0,24,24,24,0,0,0,8,garmin,0,7.419354838709677,0.9179487179487179,9.23076923076923,6.293706293706294,9.230778343994862,10.055875849603341
34,66,2020-09-29 17:20:23,Running,2020-09-29 17:20:23,False,Denver Running,2.0,275,00:21:19,152,164,3.1,142,156,0 days 00:10:40,0 days 00:09:24,36,23,1.07,0.0,0.0,0,0,0,0,0,0.0,0,0,0,0.0,0.0,0,0,0,0,0,21:19,0,0:00,86.0,0,0:00,No,0.0,0,0,0,10:36.22,2,0.0,22,22,22,0,0,0,8,garmin,0,18.0,0.7794871794871795,8.25,5.625,8.250047940201622,10.583943081179711
35,68,2020-08-31 16:44:37,Running,2020-08-31 16:44:37,False,Denver Running,9.01,"1,185",01:36:17,156,174,4.1,143,159,0 days 00:10:41,0 days 00:08:43,243,269,1.05,0.0,0.0,0,0,0,0,0,0.0,0,0,0,0.0,0.0,0,0,0,0,0,1:36:17,0,0:00,78.8,0,0:00,No,0.0,0,0,0,00:11.56,10,0.0,22,22,22,0,0,0,8,garmin,0,26.970033296337405,0.8,8.237129485179405,5.616224648985959,8.237236943038736,10.296546178798419
36,70,2020-08-28 18:26:56,Running,2020-08-28 18:26:56,False,Denver Running,2.96,368,00:30:40,148,164,3.0,138,157,0 days 00:10:21,0 days 00:09:01,23,39,1.13,0.0,0.0,0,0,0,0,0,0.0,0,0,0,0.0,0.0,0,0,0,0,0,30:40,0,0:00,75.2,0,0:00,No,0.0,0,0,0,09:57.22,3,0.0,19,19,19,0,0,0,8,garmin,0,7.77027027027027,0.7589743589743589,8.502415458937197,5.797101449275362,8.502424665902286,11.202518985479363
37,71,2020-08-25 16:37:54,Running,2020-08-25 16:37:54,False,Denver - RFF6,3.03,407,00:29:11,169,186,3.8,145,155,0 days 00:09:38,0 days 00:08:43,16,23,1.15,0.0,0.0,0,0,0,0,0,0.0,0,0,0,0.0,0.0,0,0,0,0,0,29:11,0,0:00,84.2,0,0:00,No,0.0,0,0,0,04:59.61,4,0.0,19,19,19,0,0,0,8,garmin,0,5.2805280528052805,0.8666666666666667,9.134948096885813,6.228373702422146,9.134952665272351,10.540329998391174
38,72,2020-08-23 10:05:46,Running,2020-08-23 10:05:46,False,Denver Running,7.05,986,01:14:30,162,186,4.6,143,154,0 days 00:10:34,0 days 00:08:23,220,230,1.07,0.0,0.0,0,0,0,0,0,0.0,0,0,0,0.0,0.0,0,0,0,0,0,1:14:30,0,0:00,87.8,0,0:00,No,0.0,0,0,0,00:38.62,8,0.0,18,18,18,0,0,0,8,garmin,0,31.20567375886525,0.8307692307692308,8.32807570977918,5.678233438485805,8.328221158584746,10.02471065385201
39,73,2020-08-21 17:02:49,Running,2020-08-21 17:02:49,False,Denver Running,3.05,389,00:28:42,163,178,3.4,145,154,0 days 00:09:25,0 days 00:08:19,10,30,1.18,0.0,0.0,0,0,0,0,0,0.0,0,0,0,0.0,0.0,0,0,0,0,0,28:42,0,0:00,84.2,0,0:00,No,0.0,0,0,0,00:27.81,4,0.0,18,18,18,0,0,0,8,garmin,0,3.278688524590164,0.8358974358974359,9.345132743362832,6.371681415929204,9.34513454508538,11.179762185838337
40,74,2020-08-16 12:53:21,Running,2020-08-16 12:53:21,False,Denver - RL1,5.71,798,01:02:05,161,185,4.1,142,155,0 days 00:10:52,0 days 00:09:08,197,190,1.04,0.0,0.0,0,0,0,0,0,0.0,0,0,0,0.0,0.0,0,0,0,0,0,1:02:05,0,0:00,84.2,0,0:00,No,0.0,0,0,0,02:21.40,7,0.0,18,18,18,0,0,0,8,garmin,0,34.50087565674256,0.8256410256410256,8.098159509202453,5.521472392638037,8.098332388936697,9.808539228836374
41,75,2020-08-14 16:35:24,Running,2020-08-14 16:35:24,False,Denver - RSP1,4.46,574,00:45:35,161,187,3.8,137,161,0 days 00:10:13,0 days 00:06:50,56,59,1.14,0.0,0.0,0,0,0,0,0,0.0,0,0,0,0.0,0.0,0,0,0,0,0,45:35,0,0:00,84.2,0,0:00,No,0.0,0,0,0,00:34.97,13,0.0,17,17,17,0,0,0,8,garmin,0,12.556053811659194,0.8256410256410256,8.61337683523654,5.872756933115824,8.613401189854978,10.432380323116277
42,76,2020-08-12 17:27:31,Running,2020-08-12 17:27:31,False,Denver - RF3 or Cross-Train,3.01,422,00:31:41,167,181,3.5,142,154,0 days 00:10:33,0 days 00:09:13,20,33,1.08,0.0,0.0,0,0,0,0,0,0.0,0,0,0,0.0,0.0,0,0,0,0,0,31:41,0,0:00,82.4,0,0:00,No,0.0,0,0,0,01:41.37,5,0.0,20,20,20,0,0,0,8,garmin,0,6.64451827242525,0.8564102564102564,8.34123222748815,5.6872037914691935,8.341238832280983,9.739769893980789
43,77,2020-08-09 15:46:03,Running,2020-08-09 15:46:03,False,Denver - RL2,7.01,"1,050",01:19:48,171,190,5.0,139,219,0 days 00:11:23,0 days 00:08:21,112,243,1.04,11.6,12.1,314,50.6% L / 49.4% R,0,0,0,0.0,0,0,0,0.0,0.0,0,0,0,0,0,1:19:48,0,0:00,89.6,0,0:00,No,0.0,0,0,0,00:11.89,9,0.0,35,15,44,0,0,0,8,garmin,0,15.977175463623396,0.8769230769230769,7.730600292825769,5.27086383601757,7.730635685582691,8.815637185313596
44,78,2020-08-07 18:10:17,Running,2020-08-07 18:10:17,False,Denver - RSP3,2.78,365,00:30:05,163,186,3.2,132,163,0 days 00:10:49,0 days 00:07:06,16,23,1.11,9.3,10.6,305,50.1% L / 49.9% R,0,0,0,0.0,0,0,0,0.0,0.0,0,0,0,0,0,30:05,0,0:00,87.8,0,0:00,No,0.0,0,0,0,00:05.07,14,0.0,33,24,42,0,0,0,8,garmin,0,5.755395683453238,0.8358974358974359,8.135593220338983,5.546995377503852,8.135598053615357,9.732770677638005
45,79,2020-08-06 14:09:07,Running,2020-08-06 14:09:07,False,Denver - RF3 or Cross-Train,3.07,403,00:31:59,158,174,3.3,144,162,0 days 00:10:25,0 days 00:09:24,23,23,1.08,12.1,13.3,313,50.0% L / 50.0% R,0,0,0,0.0,0,0,0,0.0,0.0,0,0,0,0,0,31:59,0,0:00,82.4,0,0:00,No,0.0,0,0,0,01:59.36,5,0.0,35,20,43,0,0,0,8,garmin,0,7.491856677524431,0.8102564102564103,8.448,5.760000000000001,8.448008504225491,10.426339609645385
46,80,2020-08-05 12:02:09,Running,2020-08-05 12:02:09,False,Denver - RF4 or Cross-Train,3.08,433,00:32:16,162,176,3.5,143,157,0 days 00:10:28,0 days 00:09:20,23,49,1.07,0.0,0.0,0,0,0,0,0,0.0,0,0,0,0.0,0.0,0,0,0,0,0,32:16,0,0:00,82.4,0,0:00,No,0.0,0,0,0,02:16.16,5,0.0,18,18,18,0,0,0,8,garmin,0,7.467532467532467,0.8307692307692308,8.407643312101909,5.732484076433121,8.40765172083292,10.120321515817404
47,84,2020-07-31 17:19:49,Running,2020-07-31 17:19:49,False,Durango - RSP2,2.39,346,00:26:52,158,181,3.2,135,176,0 days 00:11:15,0 days 00:07:20,75,89,1.07,11.0,12.0,311,50.8% L / 49.2% R,0,0,0,0.0,0,0,0,0.0,0.0,0,0,0,0,0,26:52,0,0:00,82.4,0,0:00,No,0.0,0,0,0,02:00.00,9,0.0,33,20,41,0,0,0,8,garmin,0,31.380753138075313,0.8102564102564103,7.822222222222221,5.333333333333333,7.822360373593089,9.654178942092736
48,87,2020-07-29 19:11:27,Running,2020-07-29 19:11:27,False,Denver Running,3.04,428,00:35:18,150,168,3.1,134,152,0 days 00:11:36,0 days 00:09:47,33,66,1.03,0.0,0.0,0,0,0,0,0,0.0,0,0,0,0.0,0.0,0,0,0,0,0,35:18,0,0:00,86.0,0,0:00,No,0.0,0,0,0,00:23.36,4,0.0,19,19,19,0,0,0,8,garmin,0,10.855263157894736,0.7692307692307693,7.586206896551724,5.172413793103448,7.586222929267584,9.862089808047859
49,88,2020-07-28 16:46:22,Running,2020-07-28 16:46:22,False,Denver Running,3.03,420,00:31:50,162,172,3.4,144,165,0 days 00:10:30,0 days 00:08:59,20,30,1.07,12.2,13.2,315,50.6% L / 49.4% R,0,0,0,0.0,0,0,0,0.0,0.0,0,0,0,0,0,31:50,0,0:00,84.2,0,0:00,No,0.0,0,0,0,00:21.73,4,0.0,31,17,38,0,0,0,8,garmin,0,6.6006600660066015,0.8307692307692308,8.380952380952381,5.714285714285714,8.38095892987859,10.088191304483487
50,90,2020-07-19 16:13:18,Running,2020-07-19 16:13:18,False,Denver Running,5.61,769,00:57:07,160,184,4.4,143,226,0 days 00:10:11,0 days 00:08:10,207,226,1.12,12.2,13.8,306,50.5% L / 49.5% R,0,0,0,0.0,0,0,0,0.0,0.0,0,0,0,0,0,57:07,0,0:00,86.0,0,0:00,No,0.0,0,0,0,06:38.80,6,0.0,33,12,44,0,0,0,8,garmin,0,36.898395721925134,0.8205128205128205,8.641571194762683,5.8919803600654665,8.641782205491577,10.532172062942859
51,91,2020-07-16 19:14:21,Running,2020-07-16 19:14:21,False,Denver Running,3.05,395,00:26:09,164,194,4.1,148,156,0 days 00:08:34,0 days 00:07:46,0,423,1.27,0.0,0.0,0,0,0,0,0,0.0,0,0,0,0.0,0.0,0,0,0,0,0,26:09,0,0:00,82.4,0,0:00,No,0.0,0,0,0,00:29.56,4,0.0,13,13,13,0,0,0,8,garmin,0,0.0,0.841025641025641,10.27237354085603,7.003891050583658,10.27237354085603,12.214102685773938
52,95,2020-06-30 17:15:51,Running,2020-06-30 17:15:51,False,Denver Running,3.12,383,00:25:05,165,192,3.6,150,166,0 days 00:08:02,0 days 00:06:21,16,33,1.34,0.0,0.0,0,0,0,0,0,0.0,0,0,0,0.0,0.0,0,0,0,0,0,25:05,0,0:00,87.8,0,0:00,No,0.0,0,0,0,00:52.35,4,0.0,15,15,15,0,0,0,8,garmin,0,5.128205128205128,0.8461538461538461,10.95435684647303,7.468879668049793,10.954362013250039,12.94606419747732
53,96,2020-06-28 17:00:00,Running,2020-06-28 17:00:00,False,Denver Running,3.01,398,00:31:21,145,162,2.8,145,152,0 days 00:10:25,0 days 00:09:18,26,36,1.06,0.0,0.0,0,0,0,0,0,0.0,0,0,0,0.0,0.0,0,0,0,0,0,31:21,0,0:00,87.8,0,0:00,No,0.0,0,0,0,00:04.87,4,0.0,0,0,0,0,0,0,8,garmin,0,8.637873754152825,0.7435897435897436,8.448,5.760000000000001,8.448011304971677,11.361118651513635
54,98,2020-06-27 15:09:46,Running,2020-06-27 15:09:46,False,Denver Running,3.11,438,00:28:31,165,177,3.5,148,176,0 days 00:09:10,0 days 00:07:50,20,33,1.2,11.2,13.7,290,50.8% L / 49.2% R,0,0,0,0.0,0,0,0,0.0,0.0,0,0,0,0,0,28:31,0,0:00,84.2,0,0:00,No,0.0,0,0,0,01:04.25,4,0.0,36,15,42,0,0,0,8,garmin,0,6.430868167202573,0.8461538461538461,9.6,6.545454545454546,9.600007120532034,11.345462960628767
55,99,2020-06-25 07:04:29,Running,2020-06-25 07:04:29,False,New Braunfels Running,7.01,882,01:11:06,145,163,3.3,147,183,0 days 00:10:08,0 days 00:08:07,92,85,1.06,12.3,13.2,301,50.4% L / 49.6% R,0,0,0,0.0,0,0,0,0.0,0.0,0,0,0,0,0,1:11:06,0,0:00,82.4,0,0:00,No,0.0,0,0,0,00:07.90,8,0.0,31,16,47,0,0,0,8,garmin,0,13.12410841654779,0.7435897435897436,8.68421052631579,5.921052631578948,8.684237353275096,11.678801957852714
56,100,2020-06-24 18:27:16,Running,2020-06-24 18:27:16,False,New Braunfels Running,1.34,153,00:10:50,152,179,2.4,149,155,0 days 00:08:04,0 days 00:06:56,23,23,1.34,0.0,0.0,0,0,0,0,0,0.0,0,0,0,0.0,0.0,0,0,0,0,0,10:50,0,0:00,87.8,0,0:00,No,0.0,0,0,0,02:38.99,2,0.0,13,13,13,0,0,0,8,garmin,0,17.16417910447761,0.7794871794871795,10.909090909090908,7.43801652892562,10.909148550640575,13.995289259045474
57,101,2020-06-21 13:33:34,Running,2020-06-21 13:33:34,False,New Braunfels Running,5.77,910,01:00:46,169,187,4.8,141,174,0 days 00:10:31,0 days 00:02:09,253,299,1.08,12.7,14.0,309,50.6% L / 49.4% R,0,0,0,0.0,0,0,0,0.0,0.0,0,0,0,0,0,1:00:46,0,0:00,84.2,0,0:00,No,0.0,0,0,0,08:32.48,6,0.0,34,14,44,0,0,0,8,garmin,0,43.84748700173311,0.8666666666666667,8.36767036450079,5.7052297939778125,8.367958892956404,9.655337184180466
58,103,2020-06-18 19:17:19,Running,2020-06-18 19:17:19,False,New Braunfels Running,6.58,840,01:08:53,147,164,3.2,143,256,0 days 00:10:29,0 days 00:09:08,112,112,1.08,13.0,14.3,307,50.5% L / 49.5% R,0,0,0,0.0,0,0,0,0.0,0.0,0,0,0,0,0,1:08:53,0,0:00,87.8,0,0:00,No,0.0,0,0,0,06:01.27,7,0.0,32,13,39,0,0,0,8,garmin,0,17.02127659574468,0.7538461538461538,8.394276629570747,5.723370429252783,8.394320247853768,11.135322777765204
59,104,2020-06-17 19:21:21,Running,2020-06-17 19:21:21,False,New Braunfels Running,2.09,247,00:19:43,142,167,2.6,143,155,0 days 00:09:27,0 days 00:07:20,59,56,1.18,12.0,14.3,301,51.0% L / 49.0% R,0,0,0,0.0,0,0,0,0.0,0.0,0,0,0,0,0,19:43,0,0:00,91.4,0,0:00,No,0.0,0,0,0,00:45.23,3,0.0,29,15,37,0,0,0,8,garmin,0,28.229665071770338,0.7282051282051282,9.312169312169312,6.34920634920635,9.312302407055862,12.788020911097838
60,105,2020-06-14 11:39:05,Running,2020-06-14 11:39:05,False,New Braunfels Running,8.7,"1,205",01:30:17,163,189,4.5,144,220,0 days 00:10:23,0 days 00:08:27,387,374,1.08,12.8,14.1,304,50.7% L / 49.3% R,0,0,0,0.0,0,0,0,0.0,0.0,0,0,0,0,0,1:30:17,0,0:00,86.0,0,0:00,No,0.0,0,0,0,07:40.31,9,0.0,35,15,43,0,0,0,8,garmin,0,44.48275862068966,0.8358974358974359,8.475120385232746,5.778491171749599,8.475421147779727,10.13930750808004
61,109,2020-06-12 18:10:43,Running,2020-06-12 18:10:43,False,New Braunfels Running,5.64,826,00:57:29,166,182,3.9,145,256,0 days 00:10:11,0 days 00:08:11,92,92,1.1,12.0,13.2,305,51.3% L / 48.7% R,0,0,0,0.0,0,0,0,0.0,0.0,0,0,0,0,0,57:29,0,0:00,89.6,0,0:00,No,0.0,0,0,0,06:29.39,6,0.0,35,18,45,0,0,0,8,garmin,0,16.312056737588655,0.8512820512820513,8.641571194762683,5.8919803600654665,8.641612434062408,10.151291714711865
62,110,2020-06-11 18:59:57,Running,2020-06-11 18:59:57,False,New Braunfels Running,2.28,323,00:22:13,160,179,3.1,144,222,0 days 00:09:45,0 days 00:08:00,98,75,1.15,11.5,13.4,292,49.5% L / 50.5% R,0,0,0,0.0,0,0,0,0.0,0.0,0,0,0,0,0,22:13,0,0:00,84.2,0,0:00,No,0.0,0,0,0,02:35.61,3,0.0,34,23,40,0,0,0,8,garmin,0,42.982456140350884,0.8205128205128205,9.025641025641026,6.153846153846154,9.02594008367792,11.000364476982465
63,112,2020-06-11 07:33:58,Running,2020-06-11 07:33:58,False,New Braunfels Running,1.44,168,00:14:55,131,149,1.9,144,240,0 days 00:10:22,0 days 00:09:09,30,26,1.09,12.6,13.9,301,50.6% L / 49.4% R,0,0,0,0.0,0,0,0,0.0,0.0,0,0,0,0,0,14:55,0,0:00,78.8,0,0:00,No,0.0,0,0,0,04:19.10,2,0.0,28,15,37,0,0,0,8,garmin,0,20.833333333333336,0.6717948717948717,8.488745980707394,5.787781350482315,8.488812059413743,12.636017951035726
64,113,2020-06-09 20:05:26,Running,2020-06-09 20:05:26,False,New Braunfels Running,3.11,387,00:25:08,171,190,3.7,149,162,0 days 00:08:04,0 days 00:06:39,128,135,1.34,10.3,14.2,278,51.2% L / 48.8% R,0,0,0,0.0,0,0,0,0.0,0.0,0,0,0,0,0,25:08,0,0:00,84.2,0,0:00,No,0.0,0,0,0,00:54.99,4,0.0,36,13,43,0,0,0,8,garmin,0,41.157556270096464,0.8769230769230769,10.909090909090908,7.43801652892562,10.90942233257949,12.440569326625734
65,114,2020-06-07 10:57:35,Running,2020-06-07 10:57:35,False,Laredo Running,8.51,"1,180",01:32:01,156,179,4.0,142,192,0 days 00:10:48,0 days 00:08:35,223,220,1.05,12.9,13.7,310,50.5% L / 49.5% R,0,0,0,0.0,0,0,0,0.0,0.0,0,0,0,0,0,1:32:01,0,0:00,98.6,0,0:00,No,0.0,0,0,0,05:27.59,9,0.0,34,17,42,0,0,0,8,garmin,0,26.204465334900117,0.8,8.148148148148147,5.555555555555555,8.148248496214336,10.18531062026792
66,115,2020-06-05 09:44:06,Running,2020-06-05 09:44:06,False,Laredo Running,3.26,439,00:33:58,149,179,3.0,144,170,0 days 00:10:26,0 days 00:07:51,112,105,1.07,12.6,13.3,308,51.0% L / 49.0% R,0,0,0,0.0,0,0,0,0.0,0.0,0,0,0,0,0,33:58,0,0:00,91.4,0,0:00,No,0.0,0,0,0,02:20.50,4,0.0,31,13,39,0,0,0,8,garmin,0,34.355828220858896,0.764102564102564,8.434504792332268,5.7507987220447285,8.434683341568611,11.038679540979055
67,116,2020-06-03 17:04:43,Running,2020-06-03 17:04:43,False,Laredo Running,4.22,572,00:39:14,166,179,3.8,145,172,0 days 00:09:18,0 days 00:07:30,154,148,1.2,11.7,14.2,298,50.8% L / 49.2% R,0,0,0,0.0,0,0,0,0.0,0.0,0,0,0,0,0,39:14,0,0:00,93.2,0,0:00,No,0.0,0,0,0,02:19.30,5,0.0,34,17,42,0,0,0,8,garmin,0,36.492890995260666,0.8512820512820513,9.462365591397848,6.451612903225806,9.462591593894185,11.115694944634736
68,117,2020-06-01 18:25:28,Running,2020-06-01 18:25:28,False,Laredo Running,2.78,337,00:30:57,136,153,2.2,143,175,0 days 00:11:08,0 days 00:08:35,89,95,1.01,13.0,13.2,320,50.5% L / 49.5% R,0,0,0,0.0,0,0,0,0.0,0.0,0,0,0,0,0,30:57,0,0:00,87.8,0,0:00,No,0.0,0,0,0,08:55.23,3,0.0,27,17,36,0,0,0,8,garmin,0,32.014388489208635,0.6974358974358974,7.904191616766467,5.389221556886228,7.9043369102208185,11.333424246272498
69,118,2020-05-31 12:34:29,Running,2020-05-31 12:34:29,False,New Braunfels Running,6.62,856,01:05:08,157,184,3.8,143,256,0 days 00:09:50,0 days 00:07:18,272,341,1.15,11.1,12.9,269,49.7% L / 50.3% R,0,0,0,0.0,0,0,0,0.0,0.0,0,0,0,0,0,1:05:08,0,0:00,87.8,0,0:00,No,0.0,0,0,0,05:12.45,7,0.0,32,16,45,0,0,0,8,garmin,0,41.08761329305136,0.8051282051282052,8.94915254237288,6.101694915254237,8.949423498717504,11.115526001591805
70,122,2020-05-28 08:04:10,Running,2020-05-28 08:04:10,False,New Braunfels Running,2.39,288,00:20:53,157,177,3.0,146,226,0 days 00:08:45,0 days 00:07:20,56,59,1.26,11.2,14.2,290,50.9% L / 49.1% R,0,0,0,0.0,0,0,0,0.0,0.0,0,0,0,0,0,20:53,0,0:00,78.8,0,0:00,No,0.0,0,0,0,03:05.85,3,0.0,32,12,39,0,0,0,8,garmin,0,23.430962343096233,0.8051282051282052,10.057142857142855,6.857142857142857,10.057241884432436,12.491478773658121
71,123,2020-05-26 18:36:03,Running,2020-05-26 18:36:03,False,New Braunfels Running,3.8,466,00:37:53,149,171,2.9,142,154,0 days 00:09:58,0 days 00:08:07,164,157,1.14,12.4,14.2,310,50.4% L / 49.6% R,0,0,0,0.0,0,0,0,0.0,0.0,0,0,0,0,0,37:53,0,0:00,89.6,0,0:00,No,0.0,0,0,0,08:03.15,4,0.0,30,14,40,0,0,0,8,garmin,0,43.15789473684211,0.764102564102564,8.82943143812709,6.020066889632107,8.829726387954832,11.555682185578473
72,124,2020-05-26 07:39:18,Running,2020-05-26 07:39:18,False,New Braunfels Running,1.54,175,00:14:40,138,153,2.1,144,152,0 days 00:09:31,0 days 00:08:33,30,33,1.17,0.0,0.0,0,0,0,0,0,0.0,0,0,0,0.0,0.0,0,0,0,0,0,14:40,0,0:00,80.6,0,0:00,No,0.0,0,0,0,04:56.39,2,0.0,18,18,18,0,0,0,8,garmin,0,19.48051948051948,0.7076923076923077,9.24693520140105,6.304728546409807,9.246998137462816,13.066410411632239
73,125,2020-05-24 11:06:22,Running,2020-05-24 11:06:22,False,New Braunfels Running,3.53,482,00:34:44,161,179,3.5,143,164,0 days 00:09:50,0 days 00:08:26,85,98,1.15,12.6,14.8,295,50.2% L / 49.8% R,0,0,0,0.0,0,0,0,0.0,0.0,0,0,0,0,0,34:44,0,0:00,86.0,0,0:00,No,0.0,0,0,0,05:05.21,4,0.0,33,18,42,0,0,0,8,garmin,0,24.07932011331445,0.8256410256410256,8.94915254237288,6.101694915254237,8.949245603916669,10.83914840225932
74,128,2020-05-23 17:00:26,Running,2020-05-23 17:00:26,False,New Braunfels Running,4.02,529,00:36:58,167,195,4.2,145,192,0 days 00:09:12,0 days 00:06:58,184,187,1.21,11.4,13.9,299,50.6% L / 49.4% R,0,0,0,0.0,0,0,0,0.0,0.0,0,0,0,0,0,36:58,0,0:00,95.0,0,0:00,No,0.0,0,0,0,00:09.49,5,0.0,37,16,45,0,0,0,8,garmin,0,45.77114427860697,0.8564102564102564,9.565217391304348,6.521739130434783,9.565576786597546,11.169386068182764
75,129,2020-05-20 16:47:47,Running,2020-05-20 16:47:47,False,Denver Running,3.02,384,00:28:13,161,184,3.5,147,155,0 days 00:09:21,0 days 00:07:49,151,171,1.17,11.5,13.7,301,50.2% L / 49.8% R,0,0,0,0.0,0,0,0,0.0,0.0,0,0,0,0,0,28:13,0,0:00,89.6,0,0:00,No,0.0,0,0,0,00:14.82,4,0.0,33,19,42,0,0,0,8,garmin,0,50.0,0.8256410256410256,9.411764705882351,6.4171122994652405,9.412186697178255,11.399853453104098
76,130,2020-05-19 17:38:36,Running,2020-05-19 17:38:36,False,Denver Running,2.9,381,00:28:54,156,171,3.4,144,187,0 days 00:09:58,0 days 00:08:43,56,75,1.12,11.7,13.1,310,50.6% L / 49.4% R,0,0,0,0.0,0,0,0,0.0,0.0,0,0,0,0,0,28:54,0,0:00,89.6,0,0:00,No,0.0,0,0,0,09:04.54,3,0.0,33,19,40,0,0,0,8,garmin,0,19.310344827586206,0.8,8.82943143812709,6.020066889632107,8.829490487257155,11.036863109071444
77,131,2020-05-17 08:26:19,Running,2020-05-17 08:26:19,False,Denver Running,8.05,"1,088",01:19:06,164,185,5.0,149,208,0 days 00:09:49,0 days 00:08:33,318,299,1.1,11.6,13.0,305,49.9% L / 50.1% R,0,0,0,0.0,0,0,0,0.0,0.0,0,0,0,0,0,1:19:06,0,0:00,71.6,0,0:00,No,0.0,0,0,0,00:28.25,9,0.0,35,19,42,0,0,0,8,garmin,0,39.503105590062106,0.841025641025641,8.96434634974533,6.112054329371817,8.964597236185282,10.659124762537378
78,133,2020-05-17 05:55:31,Running,2020-05-17 05:55:31,False,Denver Running,1.04,127,00:10:10,143,160,2.3,146,156,0 days 00:09:48,0 days 00:09:18,33,16,1.13,0.0,0.0,0,0,0,0,0,0.0,0,0,0,0.0,0.0,0,0,0,0,0,10:10,0,0:00,68.0,0,0:00,No,0.0,0,0,0,00:24.28,2,0.0,36,21,42,0,0,0,8,garmin,0,31.73076923076923,0.7333333333333333,8.979591836734693,6.122448979591836,8.979753986392222,12.245119072353031
79,134,2020-05-16 14:11:25,Running,2020-05-16 14:11:25,False,Denver Running,5.37,659,01:01:34,138,165,3.1,139,256,0 days 00:11:28,0 days 00:08:21,167,167,1.01,11.9,12.2,319,50.3% L / 49.7% R,0,0,0,0.0,0,0,0,0.0,0.0,0,0,0,0,0,1:01:34,0,0:00,80.6,0,0:00,No,0.0,0,0,0,03:55.20,6,0.0,29,12,39,0,0,0,8,garmin,0,31.098696461824954,0.7076923076923077,7.674418604651161,5.232558139534883,7.6745517200347555,10.844475256570849
80,136,2020-05-15 08:01:22,Running,2020-05-15 08:01:22,False,Denver Running,2.08,251,00:20:55,146,164,2.8,143,176,0 days 00:10:03,0 days 00:09:06,39,59,1.11,12.1,13.4,307,50.5% L / 49.5% R,0,0,0,0.0,0,0,0,0.0,0.0,0,0,0,0,0,20:55,0,0:00,73.4,0,0:00,No,0.0,0,0,0,00:47.21,3,0.0,30,17,40,0,0,0,8,garmin,0,18.75,0.7487179487179487,8.756218905472636,5.970149253731343,8.756274115751994,11.69502364775095
81,137,2020-05-13 16:24:01,Running,2020-05-13 16:24:01,False,Denver Running,4.08,540,00:40:52,160,178,3.9,143,158,0 days 00:10:01,0 days 00:08:41,23,46,1.13,11.9,13.7,312,50.6% L / 49.4% R,0,0,0,0.0,0,0,0,0.0,0.0,0,0,0,0,0,40:52,0,0:00,82.4,0,0:00,No,0.0,0,0,0,00:46.40,5,0.0,36,15,43,0,0,0,8,garmin,0,5.637254901960784,0.8205128205128205,8.785357737104823,5.990016638935107,8.785362744326653,10.707160844648108
82,139,2020-05-09 08:55:14,Running,2020-05-09 08:55:14,False,Denver Running,8.1,"1,101",01:24:04,164,182,4.8,145,170,0 days 00:10:23,0 days 00:09:15,253,259,1.07,11.6,12.6,297,49.5% L / 50.5% R,0,0,0,0.0,0,0,0,0.0,0.0,0,0,0,0,0,1:24:04,0,0:00,69.8,0,0:00,No,0.0,0,0,0,01:16.40,9,0.0,33,19,45,0,0,0,8,garmin,0,31.23456790123457,0.841025641025641,8.475120385232746,5.778491171749599,8.475268676385179,10.077301170092133
83,141,2020-05-09 06:52:26,Running,2020-05-09 06:52:26,False,Denver Running,2.04,242,00:18:22,157,167,3.1,148,159,0 days 00:09:00,0 days 00:08:20,43,36,1.21,0.0,0.0,0,0,0,0,0,0.0,0,0,0,0.0,0.0,0,0,0,0,0,18:22,0,0:00,66.2,0,0:00,No,0.0,0,0,0,00:23.97,3,0.0,37,14,44,0,0,0,8,garmin,0,21.07843137254902,0.8051282051282052,9.777777777777777,6.666666666666667,9.77785569207683,12.144470445573132
84,142,2020-05-07 19:26:27,Running,2020-05-07 19:26:27,False,Denver Running,3.05,409,00:30:18,165,177,3.6,146,153,0 days 00:09:56,0 days 00:08:27,112,115,1.1,11.9,13.2,305,49.6% L / 50.4% R,0,0,0,0.0,0,0,0,0.0,0.0,0,0,0,0,0,30:18,0,0:00,69.8,0,0:00,No,0.0,0,0,0,00:27.72,4,0.0,36,27,43,0,0,0,8,garmin,0,36.72131147540984,0.8461538461538461,8.859060402684563,6.040268456375839,8.859274652737149,10.470051862325722
85,144,2020-05-06 16:49:06,Running,2020-05-06 16:49:06,False,Denver Running,3.1,382,00:29:40,158,176,3.4,146,254,0 days 00:09:33,0 days 00:07:34,20,43,1.16,11.8,13.3,308,50.4% L / 49.6% R,0,0,0,0.0,0,0,0,0.0,0.0,0,0,0,0,0,29:40,0,0:00,75.2,0,0:00,No,0.0,0,0,0,01:42.60,4,0.0,33,14,40,0,0,0,8,garmin,0,6.451612903225806,0.8102564102564103,9.214659685863873,6.282722513089005,9.214666564746535,11.372531519782116
86,147,2020-05-03 16:56:07,Running,2020-05-03 16:56:07,False,Denver Running,3.1,434,00:34:30,153,169,3.4,138,213,0 days 00:11:07,0 days 00:08:52,36,36,1.07,11.9,13.0,316,50.8% L / 49.2% R,0,0,0,0.0,0,0,0,0.0,0.0,0,0,0,0,0,34:30,0,0:00,84.2,0,0:00,No,0.0,0,0,0,01:20.95,4,0.0,33,18,43,0,0,0,8,garmin,0,11.612903225806452,0.7846153846153846,7.916041979010494,5.397301349325337,7.916061125596041,10.089097513014563
87,149,2020-05-01 17:37:32,Running,2020-05-01 17:37:32,False,Denver Running,5.11,783,00:57:45,171,187,4.7,141,240,0 days 00:11:18,0 days 00:03:09,194,207,1.02,12.1,12.4,322,50.1% L / 49.9% R,0,0,0,0.0,0,0,0,0.0,0.0,0,0,0,0,0,57:45,0,0:00,84.2,0,0:00,No,0.0,0,0,0,01:19.40,6,0.0,36,13,45,0,0,0,8,garmin,0,37.96477495107632,0.8769230769230769,7.787610619469025,5.309734513274336,7.7878119281180584,8.8808381636434
88,153,2020-04-29 16:28:33,Running,2020-04-29 16:28:33,False,Denver Running,3.18,416,00:33:40,156,167,3.2,141,149,0 days 00:10:35,0 days 00:09:02,49,30,1.07,11.9,12.9,318,50.0% L / 50.0% R,0,0,0,0.0,0,0,0,0.0,0.0,0,0,0,0,0,33:40,0,0:00,82.4,0,0:00,No,0.0,0,0,0,01:56.23,4,0.0,33,19,42,0,0,0,8,garmin,0,15.40880503144654,0.8,8.31496062992126,5.669291338582677,8.314996037754556,10.393745047193194
89,154,2020-04-26 16:29:28,Running,2020-04-26 16:29:28,False,Denver Running,3.42,438,00:36:03,152,169,3.3,143,185,0 days 00:10:32,0 days 00:08:44,167,184,1.07,11.6,12.6,322,49.9% L / 50.1% R,0,0,0,0.0,0,0,0,0.0,0.0,0,0,0,0,0,36:03,0,0:00,71.6,0,0:00,No,0.0,0,0,0,05:19.12,4,0.0,31,13,39,0,0,0,8,garmin,0,48.83040935672515,0.7794871794871795,8.354430379746836,5.69620253164557,8.35478764472696,10.718313096853665
90,156,2020-04-24 13:06:42,Running,2020-04-24 13:06:42,False,Denver Running,3.12,432,00:32:48,162,172,3.4,145,155,0 days 00:10:31,0 days 00:09:25,52,49,1.06,12.0,12.9,321,49.9% L / 50.1% R,0,0,0,0.0,0,0,0,0.0,0.0,0,0,0,0,0,32:48,0,0:00,68.0,0,0:00,No,0.0,0,0,0,01:31.53,4,0.0,35,14,42,0,0,0,8,garmin,0,16.666666666666668,0.8307692307692308,8.36767036450079,5.7052297939778125,8.36771205174054,10.072245988206205
91,158,2020-04-22 16:43:50,Running,2020-04-22 16:43:50,False,Denver Running,2.95,362,00:27:39,155,174,3.3,146,160,0 days 00:09:23,0 days 00:08:16,13,20,1.18,11.0,13.3,308,50.3% L / 49.7% R,0,0,0,0.0,0,0,0,0.0,0.0,0,0,0,0,0,27:39,0,0:00,78.8,0,0:00,No,0.0,0,0,0,08:58.87,3,0.0,33,17,39,0,0,0,8,garmin,0,4.406779661016949,0.7948717948717948,9.378330373001775,6.394316163410302,9.378333639408673,11.798548772159299
92,160,2020-04-19 11:00:31,Running,2020-04-19 11:00:31,False,Denver Running,4.88,676,00:47:20,169,178,4.7,146,194,0 days 00:09:42,0 days 00:07:54,39,49,1.14,11.1,12.9,277,49.6% L / 50.4% R,0,0,0,0.0,0,0,0,0.0,0.0,0,0,0,0,0,47:20,0,0:00,68.0,0,0:00,No,0.0,0,0,0,00:01.11,7,0.0,39,20,51,0,0,0,8,garmin,0,7.991803278688525,0.8666666666666667,9.072164948453608,6.185567010309279,9.072175340532104,10.467894623690889
93,162,2020-04-17 17:37:07,Running,2020-04-17 17:37:07,False,Denver - Run Workout,3.41,471,00:40:13,144,161,3.1,127,154,0 days 00:11:48,0 days 00:09:22,46,36,1.08,0.0,0.0,0,0,0,0,0,0.0,0,0,0,0.0,0.0,0,0,0,0,0,40:13,0,0:00,69.8,0,0:00,No,0.0,0,0,0,00:13.40,6,0.0,19,19,19,0,0,0,8,garmin,0,13.48973607038123,0.7384615384615385,7.457627118644067,5.084745762711864,7.457651457996582,10.098903016037038
94,165,2020-04-15 16:37:55,Running,2020-04-15 16:37:55,False,Denver Running,3.12,435,00:30:06,170,187,3.9,145,194,0 days 00:09:39,0 days 00:08:14,43,43,1.15,11.4,13.4,308,50.0% L / 50.0% R,0,0,0,0.0,0,0,0,0.0,0.0,0,0,0,0,0,30:06,0,0:00,68.0,0,0:00,No,0.0,0,0,0,01:19.56,4,0.0,38,28,45,0,0,0,8,garmin,0,13.782051282051281,0.8717948717948718,9.119170984455957,6.217616580310881,9.119202050396124,10.460261175454377
95,168,2020-04-11 12:14:20,Running,2020-04-11 12:14:20,False,Denver Running,3.11,407,00:33:26,147,161,3.1,141,151,0 days 00:10:45,0 days 00:09:18,33,30,1.06,11.9,12.8,325,50.7% L / 49.3% R,0,0,0,0.0,0,0,0,0.0,0.0,0,0,0,0,0,33:26,0,0:00,82.4,0,0:00,No,0.0,0,0,0,01:18.02,4,0.0,31,19,38,0,0,0,8,garmin,0,10.610932475884244,0.7538461538461538,8.186046511627907,5.5813953488372094,8.18606304201526,10.859063218999834
96,170,2020-04-09 19:02:59,Running,2020-04-09 19:02:59,False,Denver - Run Workout,3.11,378,00:33:24,143,157,2.9,139,256,0 days 00:10:43,0 days 00:09:20,10,16,1.06,12.2,13.1,322,49.8% L / 50.2% R,0,0,0,0.0,0,0,0,0.0,0.0,0,0,0,0,0,33:24,0,0:00,68.0,0,0:00,No,0.0,0,0,0,05:00.00,4,0.0,30,16,36,0,0,0,8,garmin,0,3.2154340836012865,0.7333333333333333,8.211508553654742,5.598755832037325,8.211510076319481,11.197513740435657
97,171,2020-04-07 17:40:11,Running,2020-04-07 17:40:11,False,Denver - Run Workout,4.18,542,00:40:18,160,180,4.0,145,158,0 days 00:09:38,0 days 00:04:50,36,43,1.16,11.5,13.5,308,50.2% L / 49.8% R,0,0,0,0.0,0,0,0,0.0,0.0,0,0,0,0,0,40:18,0,0:00,82.4,0,0:00,No,0.0,0,0,0,00:18.31,8,0.0,35,17,44,0,0,0,8,garmin,0,8.612440191387561,0.8205128205128205,9.134948096885813,6.228373702422146,9.134960249239263,11.133232803760352
98,172,2020-04-05 12:14:44,Running,2020-04-05 12:14:44,False,Denver Running,3.15,416,00:30:24,162,178,3.7,144,181,0 days 00:09:39,0 days 00:08:39,33,30,1.16,11.6,13.7,307,50.0% L / 50.0% R,0,0,0,0.0,0,0,0,0.0,0.0,0,0,0,0,0,30:24,0,0:00,80.6,0,0:00,No,0.0,0,0,0,01:26.55,4,0.0,36,18,44,0,0,0,8,garmin,0,10.476190476190476,0.8307692307692308,9.119170984455957,6.217616580310881,9.11918893443157,10.976801495149111
99,174,2020-04-03 17:37:14,Running,2020-04-03 17:37:14,False,Denver Running,3.08,380,00:30:28,151,167,3.4,146,159,0 days 00:09:54,0 days 00:08:44,46,23,1.11,11.4,13.0,313,50.0% L / 50.0% R,0,0,0,0.0,0,0,0,0.0,0.0,0,0,0,0,0,30:28,0,0:00,51.8,0,0:00,No,0.0,0,0,0,00:49.50,4,0.0,34,14,43,0,0,0,8,garmin,0,14.935064935064934,0.7743589743589744,8.888888888888888,6.0606060606060606,8.888924448990926,11.479074619557817
100,175,2020-03-31 17:32:44,Running,2020-03-31 17:32:44,False,Denver Running,2.68,351,00:30:28,143,158,2.9,141,249,0 days 00:11:21,0 days 00:09:02,16,10,0.97,12.6,12.1,324,50.8% L / 49.2% R,0,0,0,0.0,0,0,0,0.0,0.0,0,0,0,0,0,30:28,0,0:00,80.6,0,0:00,No,0.0,0,0,0,08:36.97,3,0.0,31,22,40,0,0,0,8,garmin,0,5.970149253731343,0.7333333333333333,7.753303964757709,5.286343612334802,7.753308921076226,10.572693983285763
101,176,2020-03-25 17:36:26,Running,2020-03-25 17:36:26,False,Denver - Run Workout,3.56,453,00:40:43,140,157,2.9,139,248,0 days 00:11:27,0 days 00:09:29,20,33,1.02,11.9,12.3,326,50.9% L / 49.1% R,0,0,0,0.0,0,0,0,0.0,0.0,0,0,0,0,0,40:43,0,0:00,78.8,0,0:00,No,0.0,0,0,0,00:43.31,5,0.0,31,19,38,0,0,0,8,garmin,0,5.617977528089887,0.717948717948718,7.685589519650655,5.240174672489084,7.685593870151099,10.70493431913903
102,177,2020-03-24 17:34:11,Running,2020-03-24 17:34:11,False,Denver - Run Workout,1.79,201,00:20:04,124,139,2.1,141,150,0 days 00:11:11,0 days 00:10:18,13,3,1.02,12.6,13.0,324,50.3% L / 49.7% R,0,0,0,0.0,0,0,0,0.0,0.0,0,0,0,0,0,20:04,0,0:00,75.2,0,0:00,No,0.0,0,0,0,02:03.63,5,0.0,27,16,36,0,0,0,8,garmin,0,7.262569832402234,0.6358974358974359,7.868852459016393,5.365126676602086,7.868859902804444,12.374416782636022
103,178,2020-03-22 09:30:30,Running,2020-03-22 09:30:30,False,Denver - Run Workout,5.83,723,01:05:51,145,166,3.4,140,202,0 days 00:11:18,0 days 00:09:06,164,269,1.01,11.9,12.0,324,50.1% L / 49.9% R,0,0,0,0.0,0,0,0,0.0,0.0,0,0,0,0,0,1:05:51,0,0:00,62.6,0,0:00,No,0.0,0,0,0,10:14.76,6,0.0,31,17,39,0,0,0,8,garmin,0,28.130360205831902,0.7435897435897436,7.787610619469025,5.309734513274336,7.787721142781532,10.4731422264993
104,179,2020-03-21 11:51:45,Running,2020-03-21 11:51:45,False,Denver Running,3.2,417,00:35:02,144,159,2.9,143,164,0 days 00:10:56,0 days 00:09:25,72,49,1.03,12.7,13.3,318,49.9% L / 50.1% R,0,0,0,0.0,0,0,0,0.0,0.0,0,0,0,0,0,35:02,0,0:00,68.0,0,0:00,No,0.0,0,0,0,02:04.92,4,0.0,34,23,45,0,0,0,8,garmin,0,22.5,0.7384615384615385,8.048780487804876,5.48780487804878,8.048853567261084,10.89948920566605
105,180,2020-03-20 18:08:58,Running,2020-03-20 18:08:58,False,Denver Running,3.05,332,00:25:59,160,178,3.4,148,173,0 days 00:08:31,0 days 00:07:20,46,26,1.27,10.1,13.2,298,50.6% L / 49.4% R,0,0,0,0.0,0,0,0,0.0,0.0,0,0,0,0,0,25:59,0,0:00,57.2,0,0:00,No,0.0,0,0,0,00:27.88,4,0.0,34,18,41,0,0,0,8,garmin,0,15.081967213114755,0.8205128205128205,10.332681017612524,7.045009784735812,10.332723170786455,12.593006364395992
106,181,2020-03-18 17:17:12,Running,2020-03-18 17:17:12,False,Denver - Run Workout,3.88,525,00:40:23,151,168,3.3,142,157,0 days 00:10:24,0 days 00:02:01,59,75,1.08,11.8,13.0,317,50.4% L / 49.6% R,0,0,0,0.0,0,0,0,0.0,0.0,0,0,0,0,0,40:23,0,0:00,69.8,0,0:00,No,0.0,0,0,0,00:22.56,5,0.0,33,22,41,0,0,0,8,garmin,0,15.20618556701031,0.7743589743589744,8.461538461538462,5.769230769230769,8.461573552168325,10.927197633594856
107,182,2020-03-17 19:01:11,Running,2020-03-17 19:01:11,False,Denver - Run Workout,3.77,483,00:38:27,147,164,3.2,142,187,0 days 00:10:11,0 days 00:08:39,36,33,1.11,11.6,13.1,317,50.7% L / 49.3% R,0,0,0,0.0,0,0,0,0.0,0.0,0,0,0,0,0,38:27,0,0:00,69.8,0,0:00,No,0.0,0,0,0,00:26.66,7,0.0,32,17,38,0,0,0,8,garmin,0,9.549071618037136,0.7538461538461538,8.641571194762683,5.8919803600654665,8.641585327191855,11.463327474846338
108,183,2020-03-15 14:20:25,Running,2020-03-15 14:20:25,False,Denver - Run Workout,9.01,"1,244",01:41:02,154,168,3.9,142,256,0 days 00:11:13,0 days 00:07:21,279,243,1.02,12.2,12.6,319,50.0% L / 50.0% R,0,0,0,0.0,0,0,0,0.0,0.0,0,0,0,0,0,1:41:02,0,0:00,71.6,0,0:00,No,0.0,0,0,0,00:12.50,11,0.0,34,17,43,0,0,0,8,garmin,0,30.965593784683687,0.7897435897435897,7.845468053491826,5.349182763744428,7.845602973422034,9.934367401411018
109,184,2020-03-14 17:55:07,Running,2020-03-14 17:55:07,False,Denver Running,3.15,325,00:27:14,151,175,3.1,147,165,0 days 00:08:39,0 days 00:07:39,46,43,1.26,10.7,13.7,297,50.2% L / 49.8% R,0,0,0,0.0,0,0,0,0.0,0.0,0,0,0,0,0,27:14,0,0:00,53.6,0,0:00,No,0.0,0,0,0,01:21.25,4,0.0,31,16,41,0,0,0,8,garmin,0,14.603174603174603,0.7743589743589744,10.173410404624278,6.936416184971098,10.17344931473344,13.137898121675635
110,185,2020-03-08 13:00:47,Running,2020-03-08 13:00:47,False,Denver - Run Workout,5.41,782,00:57:40,163,175,3.9,140,166,0 days 00:10:39,0 days 00:08:02,171,167,1.1,11.2,12.4,320,49.9% L / 50.1% R,0,0,0,0.0,0,0,0,0.0,0.0,0,0,0,0,0,57:40,0,0:00,77.0,0,0:00,No,0.0,0,0,0,04:53.76,6,0.0,34,16,43,0,0,0,8,garmin,0,31.608133086876155,0.8358974358974359,8.262910798122064,5.633802816901408,8.26305885514868,9.885254458613451
111,186,2020-03-06 13:02:50,Running,2020-03-06 13:02:50,False,Denver - Run Workout,3.44,505,00:38:14,157,187,3.4,136,256,0 days 00:11:07,0 days 00:02:54,361,338,1.07,10.8,11.2,327,51.0% L / 49.0% R,0,0,0,0.0,0,0,0,0.0,0.0,0,0,0,0,0,38:14,0,0:00,77.0,0,0:00,No,0.0,0,0,0,01:00.00,19,0.0,32,18,42,0,0,0,8,garmin,0,104.94186046511628,0.8051282051282052,7.916041979010494,5.397301349325337,7.917605360203085,9.83396844101657
112,187,2020-03-05 11:45:47,Running,2020-03-05 11:45:47,False,Denver Running,4.71,575,00:43:43,152,169,3.6,146,160,0 days 00:09:17,0 days 00:08:06,95,79,1.19,10.8,13.2,311,49.9% L / 50.1% R,0,0,0,0.0,0,0,0,0.0,0.0,0,0,0,0,0,43:43,0,0:00,62.6,0,0:00,No,0.0,0,0,0,06:38.12,5,0.0,33,16,39,0,0,0,8,garmin,0,20.169851380042463,0.7794871794871795,9.47935368043088,6.4631956912028725,9.479422845162896,12.161101676360294
113,188,2020-03-03 11:49:30,Running,2020-03-03 11:49:30,False,Denver Running,4.82,624,00:44:17,165,181,4.0,149,165,0 days 00:09:12,0 days 00:07:22,105,131,1.17,11.0,12.9,303,50.1% L / 49.9% R,0,0,0,0.0,0,0,0,0.0,0.0,0,0,0,0,0,44:17,0,0:00,71.6,0,0:00,No,0.0,0,0,0,07:52.83,5,0.0,36,18,43,0,0,0,8,garmin,0,21.784232365145225,0.8461538461538461,9.565217391304348,6.521739130434783,9.565298801664792,11.304444038331118
114,189,2020-03-01 10:56:54,Running,2020-03-01 10:56:54,False,Denver - Run Workout,10.5,"1,443",01:52:45,153,179,4.2,141,256,0 days 00:10:45,0 days 00:06:36,348,315,1.07,11.7,12.7,317,50.3% L / 49.7% R,0,0,0,0.0,0,0,0,0.0,0.0,0,0,0,0,0,1:52:45,0,0:00,55.4,0,0:00,No,0.0,0,0,0,04:24.38,12,0.0,34,19,43,0,0,0,8,garmin,0,33.142857142857146,0.7846153846153846,8.186046511627907,5.5813953488372094,8.186207781031197,10.43340207386329
115,190,2020-02-29 12:16:01,Running,2020-02-29 12:16:01,False,Denver - Run Workout,3.4,440,00:34:07,147,170,3.1,146,256,0 days 00:10:03,0 days 00:07:41,39,16,1.13,10.8,12.3,304,50.5% L / 49.5% R,0,0,0,0.0,0,0,0,0.0,0.0,0,0,0,0,0,34:07,0,0:00,62.6,0,0:00,No,0.0,0,0,0,04:26.71,4,0.0,34,19,41,0,0,0,8,garmin,0,11.470588235294118,0.7538461538461538,8.756218905472636,5.970149253731343,8.756239568294767,11.615419835493059
116,191,2020-02-27 11:46:38,Running,2020-02-27 11:46:38,False,Denver - Run Workout,3.32,433,00:33:54,148,162,3.0,145,157,0 days 00:10:13,0 days 00:08:54,89,72,1.04,11.6,12.2,313,50.0% L / 50.0% R,0,0,0,0.0,0,0,0,0.0,0.0,0,0,0,0,0,33:54,0,0:00,66.2,0,0:00,No,0.0,0,0,0,03:53.95,5,0.0,34,20,41,0,0,0,8,garmin,0,26.80722891566265,0.7589743589743589,8.61337683523654,5.872756933115824,8.613487848956192,11.34885223342201
117,192,2020-02-26 16:12:10,Running,2020-02-26 16:12:10,False,Denver - Run Workout,3.72,493,00:38:23,148,161,3.0,143,159,0 days 00:10:19,0 days 00:08:11,66,59,1.1,11.9,12.9,321,49.8% L / 50.2% R,0,0,0,0.0,0,0,0,0.0,0.0,0,0,0,0,0,38:23,0,0:00,66.2,0,0:00,No,0.0,0,0,0,03:23.46,5,0.0,33,23,39,0,0,0,8,garmin,0,17.741935483870968,0.7589743589743589,8.529886914378029,5.815831987075929,8.529935069911481,11.23876580157256
118,193,2020-02-25 17:57:04,Running,2020-02-25 17:57:04,False,Denver - Run Workout,5.79,732,00:55:20,149,169,3.6,144,158,0 days 00:09:33,0 days 00:07:51,39,49,1.18,10.6,12.6,312,50.1% L / 49.9% R,0,0,0,0.0,0,0,0,0.0,0.0,0,0,0,0,0,55:20,0,0:00,46.4,0,0:00,No,0.0,0,0,0,03:09.19,8,0.0,34,20,43,0,0,0,8,garmin,0,6.7357512953367875,0.764102564102564,9.214659685863873,6.282722513089005,9.214667184000847,12.059463764296412
119,194,2020-02-23 14:02:22,Running,2020-02-23 14:02:22,False,Denver - Run Workout,6.51,875,01:10:02,148,171,3.6,141,219,0 days 00:10:46,0 days 00:07:40,164,154,1.07,11.2,12.2,320,49.9% L / 50.1% R,0,0,0,0.0,0,0,0,0.0,0.0,0,0,0,0,0,1:10:02,0,0:00,66.2,0,0:00,No,0.0,0,0,0,00:07.83,8,0.0,32,19,42,0,0,0,8,garmin,0,25.192012288786483,0.7589743589743589,8.173374613003094,5.572755417956656,8.173467643814995,10.769095882053541
120,195,2020-02-21 12:18:03,Running,2020-02-21 12:18:03,False,Denver - Run Workout,4.01,566,00:43:48,152,182,3.4,137,196,0 days 00:10:56,0 days 00:04:59,194,177,1.07,10.7,11.4,321,49.9% L / 50.1% R,0,0,0,0.0,0,0,0,0.0,0.0,0,0,0,0,0,43:48,0,0:00,73.4,0,0:00,No,0.0,0,0,0,00:30.00,17,0.0,33,19,45,0,0,0,8,garmin,0,48.37905236907731,0.7794871794871795,8.048780487804876,5.48780487804878,8.049118348632854,10.326171565680307
121,197,2020-02-20 11:29:39,Running,2020-02-20 11:29:39,False,Denver - Run Workout,1.11,124,00:10:00,139,159,2.0,147,162,0 days 00:08:59,0 days 00:07:51,43,26,1.17,11.8,13.7,305,50.6% L / 49.4% R,0,0,0,0.0,0,0,0,0.0,0.0,0,0,0,0,0,10:00,0,0:00,60.8,0,0:00,No,0.0,0,0,0,05:00.00,2,0.0,31,18,35,0,0,0,8,garmin,0,38.73873873873873,0.7128205128205128,9.795918367346939,6.679035250463823,9.796182020169953,13.742845280094537
122,198,2020-02-16 16:03:00,Running,2020-02-16 16:03:00,False,Denver - Run Workout,9.14,"1,174",01:40:07,144,168,3.6,142,256,0 days 00:10:57,0 days 00:05:29,249,272,1.04,11.9,12.5,324,49.7% L / 50.3% R,0,0,0,0.0,0,0,0,0.0,0.0,0,0,0,0,0,1:40:07,0,0:00,60.8,0,0:00,No,0.0,0,0,0,01:31.13,11,0.0,31,17,40,0,0,0,8,garmin,0,27.24288840262582,0.7384615384615385,8.036529680365296,5.479452054794521,8.036636653352742,10.882945468081838
123,199,2020-02-15 17:10:30,Running,2020-02-15 17:10:30,False,Denver - Run Workout,3.05,392,00:31:08,144,161,2.9,146,202,0 days 00:10:13,0 days 00:08:35,23,33,1.1,10.9,12.0,309,51.0% L / 49.0% R,0,0,0,0.0,0,0,0,0.0,0.0,0,0,0,0,0,31:08,0,0:00,59.0,0,0:00,No,0.0,0,0,0,00:39.97,4,0.0,31,21,39,0,0,0,8,garmin,0,7.540983606557377,0.7384615384615385,8.61337683523654,5.872756933115824,8.613385620026438,11.6639596937858
124,200,2020-02-14 17:29:27,Running,2020-02-14 17:29:27,False,Denver Running,3.01,383,00:27:18,158,177,3.4,147,181,0 days 00:09:04,0 days 00:06:53,3,39,1.23,10.5,12.9,298,50.3% L / 49.8% R,0,0,0,0.0,0,0,0,0.0,0.0,0,0,0,0,0,27:18,0,0:00,68.0,0,0:00,No,0.0,0,0,0,00:10.15,4,0.0,35,18,46,0,0,0,8,garmin,0,0.9966777408637875,0.8102564102564103,9.705882352941176,6.61764705882353,9.70588252586176,11.978779066728121
125,201,2020-02-12 16:15:45,Running,2020-02-12 16:15:45,False,Denver Running,4.0,471,00:39:24,145,172,3.1,146,161,0 days 00:09:51,0 days 00:08:33,82,82,1.12,11.6,13.2,312,50.2% L / 49.8% R,0,0,0,0.0,0,0,0,0.0,0.0,0,0,0,0,0,39:24,0,0:00,57.2,0,0:00,No,0.0,0,0,0,09:19.51,4,0.0,31,17,42,0,0,0,8,garmin,0,20.5,0.7435897435897436,8.934010152284264,6.091370558375635,8.93407748942731,12.0147938650919
126,204,2020-02-08 16:08:22,Running,2020-02-08 16:08:22,False,Denver - Run Workout,3.1,398,00:29:40,153,177,3.1,147,196,0 days 00:09:34,0 days 00:08:02,20,23,1.15,11.5,13.4,303,50.0% L / 50.0% R,0,0,0,0.0,0,0,0,0.0,0.0,0,0,0,0,0,29:40,0,0:00,69.8,0,0:00,No,0.0,0,0,0,01:05.60,4,0.0,33,19,40,0,0,0,8,garmin,0,6.451612903225806,0.7846153846153846,9.198606271777003,6.2717770034843205,9.19861313867555,11.72372262772374
127,205,2020-02-07 19:14:39,Running,2020-02-07 19:14:39,False,Lakewood Running,1.05,154,00:11:30,145,154,2.2,142,160,0 days 00:10:57,0 days 00:11:53,3,3,0.25,58.4,12.7,319,49.9% L / 50.1% R,0,0,0,0.0,0,0,0,0.0,0.0,0,0,0,0,0,11:30,0,0:00,77.0,0,0:00,No,0.0,0,0,0,00:00.00,1,0.0,35,26,40,0,0,0,8,garmin,0,2.857142857142857,0.7435897435897436,8.036529680365296,5.479452054794521,8.036530856980868,10.807748393870822
128,207,2020-02-06 15:58:58,Running,2020-02-06 15:58:58,False,Denver - Run Workout,2.9,346,00:26:58,150,164,3.0,148,191,0 days 00:09:18,0 days 00:08:26,43,59,1.17,10.8,12.9,303,50.2% L / 49.8% R,0,0,0,0.0,0,0,0,0.0,0.0,0,0,0,0,0,26:58,0,0:00,64.4,0,0:00,No,0.0,0,0,0,01:58.01,5,0.0,32,21,37,0,0,0,8,garmin,0,14.827586206896552,0.7692307692307693,9.462365591397848,6.451612903225806,9.462402902831958,12.301123773681544
129,208,2020-02-05 15:25:25,Running,2020-02-05 15:25:25,False,Denver - Run Workout,4.13,566,00:40:55,157,173,3.6,146,198,0 days 00:09:54,0 days 00:07:22,92,82,1.15,11.3,13.3,308,50.0% L / 50.0% R,0,0,0,0.0,0,0,0,0.0,0.0,0,0,0,0,0,40:55,0,0:00,50.0,0,0:00,No,0.0,0,0,0,05:00.00,6,0.0,33,24,42,0,0,0,8,garmin,0,22.276029055690074,0.8051282051282052,8.888888888888888,6.0606060606060606,8.888967997408168,11.040437958564285
130,209,2020-02-04 17:55:04,Running,2020-02-04 17:55:04,False,Run Workout,3.46,492,00:35:10,153,176,3.6,146,176,0 days 00:10:10,0 days 00:08:09,3,10,1.1,12.2,13.6,304,50.4% L / 49.6% R,0,0,0,0.0,0,0,0,0.0,0.0,0,0,0,0,0,35:10,0,0:00,78.8,0,0:00,No,0.0,0,0,0,05:00.00,5,0.0,36,24,41,0,0,0,8,garmin,0,0.8670520231213873,0.7846153846153846,8.655737704918034,5.901639344262295,8.65573782162494,11.031822713835709
131,211,2020-02-02 12:57:26,Running,2020-02-02 12:57:26,False,Denver - Run Workout,6.22,819,01:02:56,152,168,3.9,142,171,0 days 00:10:07,0 days 00:07:58,118,72,1.12,11.5,13.0,315,50.3% L / 49.7% R,0,0,0,0.0,0,0,0,0.0,0.0,0,0,0,0,0,1:02:56,0,0:00,82.4,0,0:00,No,0.0,0,0,0,02:13.65,8,0.0,34,19,42,0,0,0,8,garmin,0,18.971061093247588,0.7794871794871795,8.698517298187808,5.930807248764415,8.698573445534024,11.159354091310096
132,212,2020-01-31 16:07:33,Running,2020-01-31 16:07:33,False,Denver Running,3.5,485,00:34:45,157,169,3.5,145,214,0 days 00:09:56,0 days 00:07:11,43,33,1.13,10.5,11.8,307,50.7% L / 49.3% R,0,0,0,0.0,0,0,0,0.0,0.0,0,0,0,0,0,34:45,0,0:00,71.6,0,0:00,No,0.0,0,0,0,04:52.07,4,0.0,34,15,41,0,0,0,8,garmin,0,12.285714285714286,0.8051282051282052,8.859060402684563,6.040268456375839,8.859084384941783,11.00332136983215
133,214,2020-01-30 11:50:17,Running,2020-01-30 11:50:17,False,Denver - Run Workout,3.02,396,00:30:03,152,165,3.1,145,166,0 days 00:09:57,0 days 00:08:23,52,43,1.14,11.1,12.8,311,50.2% L / 49.8% R,0,0,0,0.0,0,0,0,0.0,0.0,0,0,0,0,0,30:03,0,0:00,55.4,0,0:00,No,0.0,0,0,0,00:02.86,6,0.0,32,22,38,0,0,0,8,garmin,0,17.218543046357617,0.7794871794871795,8.844221105527637,6.030150753768845,8.844268133190639,11.346265039290621
134,215,2020-01-29 16:08:42,Running,2020-01-29 16:08:42,False,Denver - Run Workout,3.11,368,00:29:10,150,167,3.1,149,190,0 days 00:09:23,0 days 00:07:28,82,85,1.14,11.0,12.6,302,50.1% L / 49.9% R,0,0,0,0.0,0,0,0,0.0,0.0,0,0,0,0,0,29:10,0,0:00,59.0,0,0:00,No,0.0,0,0,0,02:08.05,5,0.0,31,13,39,0,0,0,8,garmin,0,26.366559485530548,0.7692307692307693,9.378330373001775,6.394316163410302,9.378447304605533,12.191981495987193
135,216,2020-01-28 12:14:15,Running,2020-01-28 12:14:15,False,Denver - Run Workout,3.29,445,00:32:00,156,191,3.5,141,180,0 days 00:09:43,0 days 00:07:50,75,49,1.18,11.0,13.3,308,49.9% L / 50.1% R,0,0,0,0.0,0,0,0,0.0,0.0,0,0,0,0,0,32:00,0,0:00,68.0,0,0:00,No,0.0,0,0,0,00:41.22,6,0.0,34,21,44,0,0,0,8,garmin,0,22.796352583586625,0.8,9.056603773584905,6.174957118353345,9.056688184038501,11.320860230048126
136,217,2020-01-26 14:58:14,Running,2020-01-26 14:58:14,False,Denver - Run Workout,6.76,930,01:12:13,152,168,3.8,143,256,0 days 00:10:41,0 days 00:08:39,210,210,1.06,11.5,12.3,317,49.7% L / 50.3% R,0,0,0,0.0,0,0,0,0.0,0.0,0,0,0,0,0,1:12:13,0,0:00,73.4,0,0:00,No,0.0,0,0,0,02:57.60,8,0.0,34,23,42,0,0,0,8,garmin,0,31.06508875739645,0.7794871794871795,8.237129485179405,5.616224648985959,8.237272052337165,10.567552961879915
137,218,2020-01-25 13:42:38,Running,2020-01-25 13:42:38,False,Denver - Run Workout,3.09,374,00:28:24,154,174,3.3,148,162,0 days 00:09:11,0 days 00:06:52,30,26,1.11,11.6,13.0,300,49.9% L / 50.1% R,0,0,0,0.0,0,0,0,0.0,0.0,0,0,0,0,0,28:24,0,0:00,68.0,0,0:00,No,0.0,0,0,0,01:50.56,5,0.0,34,21,41,0,0,0,8,garmin,0,9.708737864077671,0.7897435897435897,9.582577132486387,6.533575317604355,9.582593332286896,12.133803245428213
138,219,2020-01-24 17:48:26,Running,2020-01-24 17:48:26,False,Denver - Run Workout,3.11,368,00:30:02,147,181,3.1,142,172,0 days 00:09:40,0 days 00:05:54,13,7,1.16,10.3,11.9,307,50.1% L / 49.9% R,0,0,0,0.0,0,0,0,0.0,0.0,0,0,0,0,0,30:02,0,0:00,60.8,0,0:00,No,0.0,0,0,0,00:02.01,14,0.0,32,19,42,0,0,0,8,garmin,0,4.180064308681672,0.7538461538461538,9.103448275862068,6.206896551724138,9.103451128679284,12.076006599268437
139,220,2020-01-23 18:03:26,Running,2020-01-23 18:03:26,False,Denver - Run Workout,3.09,389,00:31:02,149,164,3.2,145,156,0 days 00:10:03,0 days 00:08:29,13,7,1.1,11.0,12.3,317,50.0% L / 50.0% R,0,0,0,0.0,0,0,0,0.0,0.0,0,0,0,0,0,31:02,0,0:00,59.0,0,0:00,No,0.0,0,0,0,01:00.00,14,0.0,33,17,38,0,0,0,8,garmin,0,4.207119741100324,0.764102564102564,8.756218905472636,5.970149253731343,8.756221685111957,11.459484755683434
140,221,2020-01-22 16:08:18,Running,2020-01-22 16:08:18,False,Denver - Run Workout,2.96,379,00:31:01,147,159,3.0,144,161,0 days 00:10:29,0 days 00:09:06,56,56,1.07,11.8,12.9,318,50.3% L / 49.7% R,0,0,0,0.0,0,0,0,0.0,0.0,0,0,0,0,0,31:01,0,0:00,64.4,0,0:00,No,0.0,0,0,0,00:01.80,6,0.0,33,24,41,0,0,0,8,garmin,0,18.91891891891892,0.7538461538461538,8.394276629570747,5.723370429252783,8.394330515661018,11.13533639832584
141,222,2020-01-21 12:01:56,Running,2020-01-21 12:01:56,False,Denver - Run Workout,3.41,431,00:35:20,152,177,3.2,143,203,0 days 00:10:22,0 days 00:07:25,125,92,1.09,11.9,12.9,317,50.2% L / 49.8% R,0,0,0,0.0,0,0,0,0.0,0.0,0,0,0,0,0,35:20,0,0:00,62.6,0,0:00,No,0.0,0,0,0,00:19.56,6,0.0,34,22,41,0,0,0,8,garmin,0,36.65689149560117,0.7794871794871795,8.488745980707394,5.787781350482315,8.488950555317452,10.890429988729625
142,223,2020-01-19 15:28:36,Running,2020-01-19 15:28:36,False,Denver - Run Workout,7.07,923,01:17:27,150,176,3.9,143,198,0 days 00:10:58,0 days 00:07:41,148,164,1.03,11.8,12.2,320,49.9% L / 50.1% R,0,0,0,0.0,0,0,0,0.0,0.0,0,0,0,0,0,1:17:27,0,0:00,66.2,0,0:00,No,0.0,0,0,0,00:46.84,9,0.0,33,16,42,0,0,0,8,garmin,0,20.933521923620933,0.7692307692307693,8.024316109422491,5.47112462006079,8.02437917510277,10.4316929276336
143,224,2020-01-18 15:59:58,Running,2020-01-18 15:59:58,False,Denver - Run Workout,3.04,361,00:29:55,152,189,3.2,144,171,0 days 00:09:50,0 days 00:06:12,13,23,1.14,10.4,11.8,307,50.2% L / 49.8% R,0,0,0,0.0,0,0,0,0.0,0.0,0,0,0,0,0,29:55,0,0:00,59.0,0,0:00,No,0.0,0,0,0,02:00.00,10,0.0,32,18,45,0,0,0,8,garmin,0,4.276315789473684,0.7794871794871795,8.94915254237288,6.101694915254237,8.949155477477165,11.480824461237152
144,226,2020-01-16 12:09:05,Running,2020-01-16 12:09:05,False,Denver - Run Workout,2.9,373,00:30:31,146,160,3.1,144,201,0 days 00:10:31,0 days 00:09:01,56,26,1.07,11.5,12.6,312,50.2% L / 49.8% R,0,0,0,0.0,0,0,0,0.0,0.0,0,0,0,0,0,30:31,0,0:00,59.0,0,0:00,No,0.0,0,0,0,00:30.87,5,0.0,32,21,37,0,0,0,8,garmin,0,19.310344827586206,0.7487179487179487,8.36767036450079,5.7052297939778125,8.367726325483009,11.176072831980731
145,227,2020-01-15 11:45:30,Running,2020-01-15 11:45:30,False,Denver Running,2.97,382,00:31:49,150,165,3.1,146,157,0 days 00:10:43,0 days 00:09:04,46,49,1.04,11.8,12.3,316,50.0% L / 50.0% R,0,0,0,0.0,0,0,0,0.0,0.0,0,0,0,0,0,31:49,0,0:00,59.0,0,0:00,No,0.0,0,0,0,10:04.48,3,0.0,34,21,40,0,0,0,8,garmin,0,15.488215488215488,0.7692307692307693,8.211508553654742,5.598755832037325,8.211543882296375,10.675007046985288
146,228,2020-01-14 19:14:22,Running,2020-01-14 19:14:22,False,Denver - Run Workout,3.11,406,00:32:42,153,177,3.2,147,164,0 days 00:10:31,0 days 00:08:24,13,26,1.04,11.5,12.0,318,50.2% L / 49.8% R,0,0,0,0.0,0,0,0,0.0,0.0,0,0,0,0,0,32:42,0,0:00,59.0,0,0:00,No,0.0,0,0,0,02:41.55,5,0.0,34,23,41,0,0,0,8,garmin,0,4.180064308681672,0.7846153846153846,8.36767036450079,5.7052297939778125,8.367672986741654,10.664681257611912
147,229,2020-01-11 15:14:44,Running,2020-01-11 15:14:44,False,Denver Running,6.41,850,01:05:12,156,181,4.3,142,226,0 days 00:10:11,0 days 00:06:35,161,187,1.14,11.4,12.9,307,50.5% L / 49.5% R,0,0,0,0.0,0,0,0,0.0,0.0,0,0,0,0,0,1:05:12,0,0:00,62.6,0,0:00,No,0.0,0,0,0,04:12.84,7,0.0,34,16,49,0,0,0,8,garmin,0,25.117004680187208,0.8,8.641571194762683,5.8919803600654665,8.641668969826409,10.80208621228301
148,230,2020-01-08 13:59:15,Running,2020-01-08 13:59:15,False,Denver Running,3.19,430,00:30:29,160,175,3.7,147,187,0 days 00:09:32,0 days 00:08:07,62,62,1.17,11.2,13.1,306,50.5% L / 49.5% R,0,0,0,0.0,0,0,0,0.0,0.0,0,0,0,0,0,30:29,0,0:00,73.4,0,0:00,No,0.0,0,0,0,01:51.07,4,0.0,35,22,41,0,0,0,8,garmin,0,19.435736677115987,0.8205128205128205,9.23076923076923,6.293706293706294,9.230831768280584,11.250076217591962
149,231,2020-01-07 13:58:32,Running,2020-01-07 13:58:32,False,Denver - Run Workout,2.81,374,00:30:23,150,165,3.0,142,163,0 days 00:10:48,0 days 00:08:11,52,52,1.05,11.6,12.4,318,50.1% L / 49.9% R,0,0,0,0.0,0,0,0,0.0,0.0,0,0,0,0,0,30:23,0,0:00,75.2,0,0:00,No,0.0,0,0,0,00:23.05,5,0.0,32,23,42,0,0,0,8,garmin,0,18.505338078291814,0.7692307692307693,8.148148148148147,5.555555555555555,8.148198192352602,10.592657650058381
150,232,2020-01-05 15:49:00,Running,2020-01-05 15:49:00,False,Denver Running,3.61,474,00:35:22,157,171,3.5,146,164,0 days 00:09:48,0 days 00:08:26,56,46,1.14,11.9,13.7,305,50.3% L / 49.7% R,0,0,0,0.0,0,0,0,0.0,0.0,0,0,0,0,0,35:22,0,0:00,53.6,0,0:00,No,0.0,0,0,0,06:14.73,4,0.0,35,17,42,0,0,0,8,garmin,0,15.51246537396122,0.8051282051282052,8.979591836734693,6.122448979591836,8.979630590996495,11.15304436461348
151,234,2020-01-02 20:33:31,Running,2020-01-02 20:33:31,False,Denver Running,3.1,384,00:28:39,152,170,3.5,143,212,0 days 00:09:15,0 days 00:07:49,30,56,1.22,0.0,0.0,0,0,0,0,0,0.0,0,0,0,0.0,0.0,0,0,0,0,0,28:39,0,0:00,57.2,0,0:00,No,0.0,0,0,0,01:16.94,4,0.0,0,0,0,0,0,0,8,garmin,0,9.67741935483871,0.7794871794871795,9.513513513513514,6.486486486486487,9.513529492964564,12.20485691531638
152,236,2019-12-29 12:10:24,Running,2019-12-29 12:10:24,False,Denver Running,3.07,423,00:33:00,153,165,3.1,145,191,0 days 00:10:46,0 days 00:09:22,13,7,1.03,12.1,12.6,314,50.1% L / 49.9% R,0,0,0,0.0,0,0,0,0.0,0.0,0,0,0,0,0,33:00,0,0:00,66.2,0,0:00,No,0.0,0,0,0,00:41.08,4,0.0,34,22,42,0,0,0,8,garmin,0,4.234527687296417,0.7846153846153846,8.173374613003094,5.572755417956656,8.17337724153618,10.417049425487289
153,237,2019-12-28 17:48:37,Running,2019-12-28 17:48:37,False,Denver Running,3.29,363,00:37:16,136,160,2.3,140,212,0 days 00:11:20,0 days 00:07:39,26,13,1.02,11.2,11.3,318,51.5% L / 48.5% R,0,0,0,0.0,0,0,0,0.0,0.0,0,0,0,0,0,37:16,0,0:00,50.0,0,0:00,No,0.0,0,0,0,03:18.44,4,0.0,28,19,38,0,0,0,8,garmin,0,7.90273556231003,0.6974358974358974,7.76470588235294,5.294117647058823,7.764714579600377,11.1332304633976
154,247,2019-12-22 10:31:28,Running,2019-12-22 10:31:28,False,Running,4.02,534,00:38:55,161,180,3.9,145,240,0 days 00:09:40,0 days 00:07:33,30,20,1.16,11.7,13.7,301,50.3% L / 49.8% R,0,0,0,0.0,0,0,0,0.0,0.0,0,0,0,0,0,38:55,0,0:00,86.0,0,0:00,No,0.0,0,0,0,00:14.66,5,0.0,36,17,43,0,0,0,8,garmin,0,7.46268656716418,0.8256410256410256,9.103448275862068,6.206896551724138,9.10345736867538,11.025926626656517
155,248,2019-12-18 12:13:18,Running,2019-12-18 12:13:18,False,Denver Running,1.93,264,00:18:26,166,180,3.3,138,157,0 days 00:09:32,0 days 00:05:46,62,52,1.22,0.0,0.0,0,0,0,0,0,0.0,0,0,0,0.0,0.0,0,0,0,0,0,18:26,0,0:00,73.4,0,0:00,No,0.0,0,0,0,08:45.87,2,0.0,0,0,0,0,0,0,8,garmin,0,32.12435233160622,0.8512820512820513,9.23076923076923,6.293706293706294,9.230940076761291,10.843574186556939
156,249,2019-12-15 15:43:17,Running,2019-12-15 15:43:17,False,Denver Running,5.57,701,01:02:03,142,154,3.1,144,233,0 days 00:11:08,0 days 00:09:20,10,20,1.01,12.3,12.5,325,49.5% L / 50.5% R,0,0,0,0.0,0,0,0,0.0,0.0,0,0,0,0,0,1:02:03,0,0:00,55.4,0,0:00,No,0.0,0,0,0,06:22.89,6,0.0,31,19,40,0,0,0,8,garmin,0,1.7953321364452424,0.7282051282051282,7.904191616766467,5.389221556886228,7.904192073695986,10.85434827021632
157,250,2019-12-14 15:01:41,Running,2019-12-14 15:01:41,False,Denver Running,5.07,679,00:52:51,153,177,3.4,142,238,0 days 00:10:26,0 days 00:08:11,194,121,1.08,11.6,12.7,314,49.9% L / 50.1% R,0,0,0,0.0,0,0,0,0.0,0.0,0,0,0,0,0,52:51,0,0:00,55.4,0,0:00,No,0.0,0,0,0,00:43.25,6,0.0,32,19,44,0,0,0,8,garmin,0,38.264299802761336,0.7846153846153846,8.434504792332268,5.7507987220447285,8.43472627695925,10.750141333379435
158,252,2019-12-12 18:17:01,Running,2019-12-12 18:17:01,False,Denver - Run Workout,3.1,410,00:32:19,147,165,3.0,143,195,0 days 00:10:26,0 days 00:08:52,13,10,1.09,11.0,12.0,317,50.9% L / 49.1% R,0,0,0,0.0,0,0,0,0.0,0.0,0,0,0,0,0,32:19,0,0:00,62.6,0,0:00,No,0.0,0,0,0,02:19.37,5,0.0,31,18,38,0,0,0,8,garmin,0,4.193548387096774,0.7538461538461538,8.434504792332268,5.7507987220447285,8.434507452597858,11.188632335078792
159,253,2019-12-11 18:55:00,Running,2019-12-11 18:55:00,False,Denver Running,3.11,414,00:29:49,163,185,3.8,145,192,0 days 00:09:36,0 days 00:07:59,13,10,1.17,10.5,12.3,313,50.2% L / 49.8% R,0,0,0,0.0,0,0,0,0.0,0.0,0,0,0,0,0,29:49,0,0:00,64.4,0,0:00,No,0.0,0,0,0,01:07.18,4,0.0,35,19,44,0,0,0,8,garmin,0,4.180064308681672,0.8358974358974359,9.166666666666666,6.25,9.166669539295112,10.966261105291698
160,255,2019-12-10 17:42:41,Running,2019-12-10 17:42:41,False,Denver Running,3.05,395,00:31:53,148,166,3.2,140,176,0 days 00:10:28,0 days 00:07:16,10,13,1.12,11.2,12.5,313,50.6% L / 49.4% R,0,0,0,0.0,0,0,0,0.0,0.0,0,0,0,0,0,31:53,0,0:00,59.0,0,0:00,No,0.0,0,0,0,00:47.31,4,0.0,32,16,40,0,0,0,8,garmin,0,3.278688524590164,0.7589743589743589,8.407643312101909,5.732484076433121,8.407644933078405,11.077640283447899
161,256,2019-12-07 12:15:06,Running,2019-12-07 12:15:06,False,Denver Running,0.5,66,00:05:48.5,149,157,1.0,146,155,0 days 00:11:40,0 days 00:11:03,3,0,0.95,11.5,11.0,326,49.5% L / 50.5% R,0,0,0,0.0,0,0,0,0.0,0.0,0,0,0,0,0,5:48.5,0,0:00,75.2,0,0:00,No,0.0,0,0,0,00:00.00,1,0.0,31,26,36,0,0,0,8,garmin,0,6.0,0.764102564102564,7.542857142857143,5.142857142857143,7.542862012985442,9.871530822363498
162,257,2019-12-07 11:14:40,Running,2019-12-07 11:14:40,False,Denver Running,6.12,842,00:59:24,164,178,4.4,147,166,0 days 00:09:43,0 days 00:08:21,46,23,1.13,11.3,13.0,310,49.6% L / 50.4% R,0,0,0,0.0,0,0,0,0.0,0.0,0,0,0,0,0,59:24,0,0:00,73.4,0,0:00,No,0.0,0,0,0,01:09.01,7,0.0,36,23,44,0,0,0,8,garmin,0,7.516339869281046,0.841025641025641,9.056603773584905,6.174957118353345,9.056612950149502,10.768533690726542
163,261,2019-12-04 11:57:33,Running,2019-12-04 11:57:33,False,Denver Running,2.87,341,00:27:06,157,184,3.3,143,175,0 days 00:09:26,0 days 00:06:49,62,52,1.17,10.0,11.9,306,50.2% L / 49.8% R,0,0,0,0.0,0,0,0,0.0,0.0,0,0,0,0,0,27:06,0,0:00,68.0,0,0:00,No,0.0,0,0,0,08:29.54,3,0.0,34,15,42,0,0,0,8,garmin,0,21.60278745644599,0.8051282051282052,9.328621908127207,6.360424028268551,9.328699987698238,11.586601895548768
164,263,2019-12-03 18:09:49,Running,2019-12-03 18:09:49,False,Denver - Run Workout,3.06,398,00:32:10,147,167,3.1,144,162,0 days 00:10:30,0 days 00:08:30,3,13,1.06,0.0,0.0,0,0,0,0,0,0.0,0,0,0,0.0,0.0,0,0,0,0,0,32:10,0,0:00,64.4,0,0:00,No,0.0,0,0,0,02:10.19,5,0.0,0,0,0,0,0,0,8,garmin,0,0.9803921568627451,0.7538461538461538,8.380952380952381,5.714285714285714,8.380952525428206,11.117590084751702
165,266,2019-12-01 15:44:15,Running,2019-12-01 15:44:15,False,Denver - Run Workout,3.24,426,00:34:04,149,164,3.1,146,177,0 days 00:10:31,0 days 00:08:11,10,20,1.06,11.4,12.2,311,49.7% L / 50.3% R,0,0,0,0.0,0,0,0,0.0,0.0,0,0,0,0,0,34:04,0,0:00,60.8,0,0:00,No,0.0,0,0,0,04:04.34,5,0.0,33,21,41,0,0,0,8,garmin,0,3.0864197530864197,0.764102564102564,8.36767036450079,5.7052297939778125,8.367671794107787,10.950979864771936
166,268,2019-11-26 16:30:54,Running,2019-11-26 16:30:54,False,Fort Worth - Run Workout,2.85,362,00:30:16,144,158,3.2,145,183,0 days 00:10:36,0 days 00:09:06,56,59,1.05,12.0,12.5,309,50.4% L / 49.6% R,0,0,0,0.0,0,0,0,0.0,0.0,0,0,0,0,0,30:16,0,0:00,80.6,0,0:00,No,0.0,0,0,0,00:15.59,5,0.0,30,21,37,0,0,0,8,garmin,0,19.649122807017545,0.7384615384615385,8.30188679245283,5.660377358490567,8.301944278678643,11.242216210710662
167,269,2019-11-25 14:20:27,Running,2019-11-25 14:20:27,False,Fort Worth Running,6.26,928,01:03:59,160,174,4.4,144,157,0 days 00:10:14,0 days 00:08:27,138,131,1.09,0.0,0.0,0,0,0,0,0,0.0,0,0,0,0.0,0.0,0,0,0,0,0,1:03:59,0,0:00,82.4,0,0:00,No,0.0,0,0,0,02:46.94,7,0.0,0,0,0,0,0,0,8,garmin,0,22.044728434504794,0.8205128205128205,8.599348534201955,5.863192182410424,8.599423484838296,10.480547372146672
