date,activity_type,date,favorite,title,distance,calories,time,avg_hr,max_hr,aerobic_te,avg_run_cadence,max_run_cadence,avg_pace,best_pace,elev_gain,elev_loss,avg_stride_length,avg_vertical_ratio,avg_vertical_oscillation,avg_ground_contact_time,avg_gct_balance,avg_run_cadence_1,max_run_cadence_1,normalized_powerâ_npâ,training_stress_scoreâ,max_avg_power_20_min,avg_power,max_power,grit,flow,total_strokes,avg__swolf,avg_stroke_rate,total_reps,total_sets,climb_time,max_depth,bottom_time,min_temp,gas_type,surface_interval,decompression,weight,current,surface_conditions,water_type,best_lap_time,number_of_laps,max_temp,avg_resp,min_resp,max_resp,stress_change,stress_start,stress_end,athlete_id,filetype,is_race
2021-01-27 16:56:49,Running,2021-01-27 16:56:49,False,Denver Running,2.01,286,00:19:28,160,174,2.9,149,170,0 days 00:09:40,0 days 00:08:46,62,39,1.12,0.0,0.0,0,0,0,0,0,0.0,0,0,0,0.0,0.0,0,0,0,0,0,19:28,0,0:00,59.0,0,0:00,No,0,0,0,0,00:07.67,3,0.0,19,19,19,0,0,0,8,garmin,0
2021-01-26 14:05:09,Cardio,2021-01-26 14:05:09,False,Cardio,0.00,440,00:32:22,147,176,3.2,0,0,0 days 00:00:00,0 days 00:00:00,0,0,0.0,0.0,0.0,0,0,0,0,0,0.0,0,0,0,0.0,0.0,0,0,0,0,0,32:22,0,0:00,86.0,0,0:00,No,0,0,0,0,32:21.98,1,0.0,19,19,19,0,0,0,8,garmin,0
2021-01-24 13:19:05,Running,2021-01-24 13:19:05,False,Denver Running,7.25,"1,017",01:13:01,159,184,4.2,147,207,0 days 00:10:04,0 days 00:08:39,272,269,1.09,0.0,0.0,0,0,0,0,0,0.0,0,0,0,0.0,0.0,0,0,0,0,0,1:13:01,0,0:00,53.6,0,0:00,No,0,0,0,0,02:25.59,8,0.0,14,14,14,0,0,0,8,garmin,0
2021-01-23 13:21:56,Cardio,2021-01-23 13:21:56,False,Cardio,0.00,753,00:48:28,165,189,4.6,0,0,0 days 00:00:00,0 days 00:00:00,0,0,0.0,0.0,0.0,0,0,0,0,0,0.0,0,0,0,0.0,0.0,0,0,0,0,0,48:28,0,0:00,82.4,0,0:00,No,0,0,0,0,48:28.15,1,0.0,13,13,13,0,0,0,8,garmin,0
2021-01-22 16:27:05,Running,2021-01-22 16:27:05,False,Denver Running,2.79,351,00:28:08,140,147,2.4,145,180,0 days 00:10:05,0 days 00:08:07,49,56,1.1,0.0,0.0,0,0,0,0,0,0.0,0,0,0,0.0,0.0,0,0,0,0,0,28:08,0,0:00,66.2,0,0:00,No,0,0,0,0,08:05.52,3,0.0,19,19,19,0,0,0,8,garmin,0
2021-01-20 17:37:24,Running,2021-01-20 17:37:24,False,Denver Running,3.19,465,00:31:09,165,175,3.4,148,161,0 days 00:09:47,0 days 00:08:09,59,92,1.11,0.0,0.0,0,0,0,0,0,0.0,0,0,0,0.0,0.0,0,0,0,0,0,31:09,0,0:00,68.0,0,0:00,No,0,0,0,0,02:02.32,4,0.0,22,22,22,0,0,0,8,garmin,0
2021-01-18 15:33:25,Walking,2021-01-18 15:33:25,False,Denver Walking,2.08,301,01:01:33,93,121,0.3,50,158,0 days 00:29:34,0 days 00:12:53,52,26,1.12,0.0,0.0,0,0,0,0,0,0.0,0,0,0,0.0,0.0,0,0,0,0,0,1:01:33,0,0:00,75.2,0,0:00,No,0,0,0,0,06:01.20,3,0.0,18,18,18,0,0,0,8,garmin,0
2021-01-17 16:40:52,Cardio,2021-01-17 16:40:52,False,Cardio,0.00,"1,202",01:26:44,157,175,4.5,0,0,0 days 00:00:00,0 days 00:00:00,0,0,0.0,0.0,0.0,0,0,0,0,0,0.0,0,0,0,0.0,0.0,0,0,0,0,0,1:26:44,0,0:00,82.4,0,0:00,No,0,0,0,0,01:26:44.26,1,0.0,19,19,19,0,0,0,8,garmin,0
2021-01-16 14:57:55,Running,2021-01-16 14:57:55,False,Denver Running,2.99,415,00:31:05,150,165,2.9,147,157,0 days 00:10:25,0 days 00:09:31,62,174,1.05,0.0,0.0,0,0,0,0,0,0.0,0,0,0,0.0,0.0,0,0,0,0,0,31:05,0,0:00,66.2,0,0:00,No,0,0,0,0,10:08.25,3,0.0,20,20,20,0,0,0,8,garmin,0
2021-01-15 09:37:26,Resort Skiing/Snowboarding,2021-01-15 09:37:26,False,Winter Park Resort Skiing/Snowboarding,10.34,561,00:59:39,124,182,2.8,0,0,10.4,33.5,0,"10,889",0.0,0.0,0.0,0,0,0,0,0,0.0,0,0,0,0.0,0.0,0,0,0,0,0,59:39,0,0:00,59.0,0,0:00,No,0,0,0,0,04:26.00,9,0.0,0,0,0,0,0,0,8,garmin,0
2021-01-14 16:39:02,Running,2021-01-14 16:39:02,False,Denver Running,3.03,430,00:29:27,162,176,3.2,148,161,0 days 00:09:43,0 days 00:08:49,23,46,1.12,0.0,0.0,0,0,0,0,0,0.0,0,0,0,0.0,0.0,0,0,0,0,0,29:27,0,0:00,69.8,0,0:00,No,0,0,0,0,00:19.97,4,0.0,17,17,17,0,0,0,8,garmin,0
2021-01-12 17:40:27,Cardio,2021-01-12 17:40:27,False,Cardio,0.00,709,00:50:40,154,181,4.0,0,0,0 days 00:00:00,0 days 00:00:00,0,0,0.0,0.0,0.0,0,0,0,0,0,0.0,0,0,0,0.0,0.0,0,0,0,0,0,50:40,0,0:00,82.4,0,0:00,No,0,0,0,0,50:39.75,1,0.0,20,20,20,0,0,0,8,garmin,0
2021-01-10 14:04:31,Running,2021-01-10 14:04:31,False,Denver Running,7.42,"1,055",01:14:17,165,182,4.3,148,208,0 days 00:10:01,0 days 00:07:21,282,276,1.09,11.8,13.0,301,50.0% L / 50.0% R,0,0,0,0.0,0,0,0,0.0,0.0,0,0,0,0,0,1:14:17,0,0:00,62.6,0,0:00,No,0,0,0,0,03:57.52,8,0.0,34,17,43,0,0,0,8,garmin,0
2021-01-09 17:51:13,Cardio,2021-01-09 17:51:13,False,Cardio,0.00,302,00:30:34,121,162,2.3,0,0,0 days 00:00:00,0 days 00:00:00,0,0,0.0,0.0,0.0,0,0,0,0,0,0.0,0,0,0,0.0,0.0,0,0,0,0,0,30:34,0,0:00,82.4,0,0:00,No,0,0,0,0,06:37.89,2,0.0,31,20,38,0,0,0,8,garmin,0
2021-01-07 12:44:33,Cardio,2021-01-07 12:44:33,False,Cardio,0.00,735,01:01:01,142,167,3.2,0,0,0 days 00:00:00,0 days 00:00:00,0,0,0.0,0.0,0.0,0,0,0,0,0,0.0,0,0,0,0.0,0.0,0,0,0,0,0,1:01:01,0,0:00,84.2,0,0:00,No,0,0,0,0,01:01:01.05,1,0.0,34,15,41,0,0,0,8,garmin,0
2021-01-06 11:52:47,Running,2021-01-06 11:52:47,False,Denver Running,3.38,501,00:34:07,165,177,3.5,148,156,0 days 00:10:06,0 days 00:08:20,72,59,1.08,0.0,0.0,0,0,0,0,0,0.0,0,0,0,0.0,0.0,0,0,0,0,0,34:07,0,0:00,60.8,0,0:00,No,0,0,0,0,04:04.48,4,0.0,16,16,16,0,0,0,8,garmin,0
2021-01-05 16:47:58,Walking,2021-01-05 16:47:58,False,Denver Walking,1.63,198,00:38:16,85,107,0.4,73,159,0 days 00:23:27,0 days 00:01:50,98,92,0.95,0.0,0.0,0,0,0,0,0,0.0,0,0,0,0.0,0.0,0,0,0,0,0,38:16,0,0:00,57.2,0,0:00,No,0,0,0,0,12:48.66,2,0.0,17,17,17,0,0,0,8,garmin,0
2021-01-05 06:53:30,Cardio,2021-01-05 06:53:30,False,Cardio,0.00,410,00:30:09,149,192,3.6,0,0,0 days 00:00:00,0 days 00:00:00,0,0,0.0,0.0,0.0,0,0,0,0,0,0.0,0,0,0,0.0,0.0,0,0,0,0,0,30:09,0,0:00,86.0,0,0:00,No,0,0,0,0,30:09.34,1,0.0,16,16,16,0,0,0,8,garmin,0
2021-01-04 16:54:11,Walking,2021-01-04 16:54:11,False,Denver Walking,1.81,222,00:45:39,87,102,0.3,67,159,0 days 00:25:15,0 days 00:10:56,75,43,0.95,0.0,0.0,0,0,0,0,0,0.0,0,0,0,0.0,0.0,0,0,0,0,0,45:39,0,0:00,66.2,0,0:00,No,0,0,0,0,18:48.89,2,0.0,20,20,20,0,0,0,8,garmin,0
2021-01-03 11:16:26,Cycling,2021-01-03 11:16:26,False,Denver Cycling,35.68,"1,678",02:44:08,149,184,5.0,0,0,13.0,33.9,"2,890","2,825",0.0,0.0,0.0,0,0,0,0,0,0.0,0,0,0,0.0,0.0,0,0,0,0,0,2:44:08,0,0:00,57.2,0,0:00,No,0,0,0,0,02:34.98,8,0.0,20,20,20,0,0,0,8,garmin,0
2021-01-01 13:28:33,Cardio,2021-01-01 13:28:33,False,Cardio,0.00,494,00:34:06,155,188,3.7,0,0,0 days 00:00:00,0 days 00:00:00,0,0,0.0,0.0,0.0,0,0,0,0,0,0.0,0,0,0,0.0,0.0,0,0,0,0,0,34:06,0,0:00,82.4,0,0:00,No,0,0,0,0,34:05.52,1,0.0,19,19,19,0,0,0,8,garmin,0
2020-12-31 10:48:33,Running,2020-12-31 10:48:33,False,Denver Running,2.69,364,00:23:34,167,187,3.8,150,167,0 days 00:08:45,0 days 00:07:46,49,13,1.22,0.0,0.0,0,0,0,0,0,0.0,0,0,0,0.0,0.0,0,0,0,0,0,23:34,0,0:00,62.6,0,0:00,No,0,0,0,0,05:53.76,3,0.0,21,21,21,0,0,0,8,garmin,0
2020-12-29 15:23:38,Running,2020-12-29 15:23:38,False,Denver Running,2.08,309,00:20:04,168,179,3.2,151,185,0 days 00:09:39,0 days 00:08:14,75,43,1.1,0.0,0.0,0,0,0,0,0,0.0,0,0,0,0.0,0.0,0,0,0,0,0,20:04,0,0:00,51.8,0,0:00,No,0,0,0,0,00:51.46,3,0.0,24,24,24,0,0,0,8,garmin,0
2020-12-29 14:52:41,Cardio,2020-12-29 14:52:41,False,Cardio,0.00,327,00:23:53,147,183,3.1,0,0,0 days 00:00:00,0 days 00:00:00,0,0,0.0,0.0,0.0,0,0,0,0,0,0.0,0,0,0,0.0,0.0,0,0,0,0,0,23:53,0,0:00,82.4,0,0:00,No,0,0,0,0,23:53.24,1,0.0,17,17,17,0,0,0,8,garmin,0
2020-12-28 10:51:48,Cardio,2020-12-28 10:51:48,False,Cardio,0.00,546,00:47:18,136,151,2.7,0,0,0 days 00:00:00,0 days 00:00:00,0,0,0.0,0.0,0.0,0,0,0,0,0,0.0,0,0,0,0.0,0.0,0,0,0,0,0,47:18,0,0:00,82.4,0,0:00,No,0,0,0,0,47:17.84,1,0.0,16,16,16,0,0,0,8,garmin,0
2020-12-27 13:15:53,Running,2020-12-27 13:15:53,False,Denver Running,6.29,939,01:04:28,165,180,4.5,149,160,0 days 00:10:15,0 days 00:07:50,279,253,1.05,0.0,0.0,0,0,0,0,0,0.0,0,0,0,0.0,0.0,0,0,0,0,0,1:04:28,0,0:00,66.2,0,0:00,No,0,0,0,0,03:08.79,7,0.0,29,29,29,0,0,0,8,garmin,0
2020-12-26 11:02:03,Cardio,2020-12-26 11:02:03,False,Cardio,0.00,758,00:50:40,162,187,5.0,0,0,0 days 00:00:00,0 days 00:00:00,0,0,0.0,0.0,0.0,0,0,0,0,0,0.0,0,0,0,0.0,0.0,0,0,0,0,0,50:40,0,0:00,82.4,0,0:00,No,0,0,0,0,50:39.57,1,0.0,20,20,20,0,0,0,8,garmin,0
2020-12-24 14:22:18,Running,2020-12-24 14:22:18,False,Denver Running,2.96,426,00:28:45,159,172,3.5,146,163,0 days 00:09:42,0 days 00:08:38,30,23,1.14,0.0,0.0,0,0,0,0,0,0.0,0,0,0,0.0,0.0,0,0,0,0,0,28:45,0,0:00,68.0,0,0:00,No,0,0,0,0,09:23.77,3,0.0,16,16,16,0,0,0,8,garmin,0
2020-12-23 10:16:37,Resort Skiing/Snowboarding,2020-12-23 10:16:37,False,Summit County Resort Skiing/Snowboarding,6.71,349,00:40:39,120,157,2.2,0,0,9.9,27.7,0,"8,264",0.0,0.0,0.0,0,0,0,0,0,0.0,0,0,0,0.0,0.0,0,0,0,0,0,40:39,0,0:00,59.0,0,0:00,No,0,0,0,0,01:05.00,6,0.0,0,0,0,0,0,0,8,garmin,0
2020-12-22 10:15:17,Resort Skiing/Snowboarding,2020-12-22 10:15:17,False,Summit County Resort Skiing/Snowboarding,11.20,823,01:20:01,131,176,3.4,0,0,8.4,41.4,0,"11,624",0.0,0.0,0.0,0,0,0,0,0,0.0,0,0,0,0.0,0.0,0,0,0,0,0,1:20:01,0,0:00,64.4,0,0:00,No,0,0,0,0,03:28.00,7,0.0,0,0,0,0,0,0,8,garmin,0
2020-12-21 12:54:25,Resort Skiing/Snowboarding,2020-12-21 12:54:25,False,Summit County Resort Skiing/Snowboarding,10.53,503,00:46:42,136,166,3.0,0,0,13.5,40.5,0,"10,883",0.0,0.0,0.0,0,0,0,0,0,0.0,0,0,0,0.0,0.0,0,0,0,0,0,46:42,0,0:00,71.6,0,0:00,No,0,0,0,0,02:35.01,7,0.0,0,0,0,0,0,0,8,garmin,0
2020-12-17 10:21:33,Resort Skiing/Snowboarding,2020-12-17 10:21:33,False,Summit County Resort Skiing/Snowboarding,9.79,325,00:35:06,126,147,2.6,0,0,16.7,45.0,0,"10,577",0.0,0.0,0.0,0,0,0,0,0,0.0,0,0,0,0.0,0.0,0,0,0,0,0,35:06,0,0:00,68.0,0,0:00,No,0,0,0,0,02:52.00,6,0.0,0,33,33,0,0,0,8,garmin,0
2020-12-16 11:17:10,Resort Skiing/Snowboarding,2020-12-16 11:17:10,False,Summit County Resort Skiing/Snowboarding,5.52,188,00:25:42,113,128,2.3,0,0,12.9,33.7,0,"5,656",0.0,0.0,0.0,0,0,0,0,0,0.0,0,0,0,0.0,0.0,0,0,0,0,0,25:42,0,0:00,55.4,0,0:00,No,0,0,0,0,01:05.00,7,0.0,0,0,0,0,0,0,8,garmin,0
2020-12-12 13:15:05,Cardio,2020-12-12 13:15:05,False,Cardio,0.00,899,01:02:55,161,189,5.0,0,0,0 days 00:00:00,0 days 00:00:00,0,0,0.0,0.0,0.0,0,0,0,0,0,0.0,0,0,0,0.0,0.0,0,0,0,0,0,1:02:55,0,0:00,82.4,0,0:00,No,0,0,0,0,01:02:55.46,1,0.0,37,19,49,0,0,0,8,garmin,0
2020-12-08 12:57:57,Cardio,2020-12-08 12:57:57,False,Cardio,0.00,338,00:23:00,163,183,3.5,0,0,0 days 00:00:00,0 days 00:00:00,0,0,0.0,0.0,0.0,0,0,0,0,0,0.0,0,0,0,0.0,0.0,0,0,0,0,0,23:00,0,0:00,86.0,0,0:00,No,0,0,0,0,22:59.67,1,0.0,22,22,22,0,0,0,8,garmin,0
2020-12-06 14:35:50,Running,2020-12-06 14:35:50,False,Denver Running,5.54,781,00:56:40,166,177,4.1,149,204,0 days 00:10:14,0 days 00:08:16,69,56,1.05,11.9,12.7,300,50.2% L / 49.8% R,0,0,0,0.0,0,0,0,0.0,0.0,0,0,0,0,0,56:40,0,0:00,71.6,0,0:00,No,0,0,0,0,05:45.20,6,0.0,35,22,42,0,0,0,8,garmin,0
2020-12-01 16:18:45,Running,2020-12-01 16:18:45,False,Denver Running,2.97,385,00:27:02,161,182,3.6,144,167,0 days 00:09:06,0 days 00:07:27,125,98,1.22,0.0,0.0,0,0,0,0,0,0.0,0,0,0,0.0,0.0,0,0,0,0,0,27:02,0,0:00,64.4,0,0:00,No,0,0,0,0,08:46.98,3,0.0,18,18,18,0,0,0,8,garmin,0
2020-11-30 18:40:51,Virtual Cycling,2020-11-30 18:40:51,False,Zwift - FTP Builder - Foundation,9.09,301,00:43:51,121,148,0.0,0,0,12.4,52.7,840,0,0.0,0.0,0.0,0,0,81,107,125,0.0,126,119,166,0.0,0.0,0,0,0,0,0,43:51,0,0:00,0.0,0,0:00,No,0,0,0,0,00:15.00,18,0.0,0,0,0,0,0,0,8,garmin,0
2020-11-26 11:57:40,Running,2020-11-26 11:57:40,False,Berkeley Running,3.11,487,00:36:33,156,195,3.9,143,187,0 days 00:11:45,0 days 00:08:23,817,814,0.95,0.0,0.0,0,0,0,0,0,0.0,0,0,0,0.0,0.0,0,0,0,0,0,36:33,0,0:00,75.2,0,0:00,No,0,0,0,0,01:15.31,4,0.0,20,20,20,0,0,0,8,garmin,0
2020-11-25 13:13:04,Running,2020-11-25 13:13:04,False,San Francisco Running,3.40,430,00:29:49,171,187,4.2,149,162,0 days 00:08:46,0 days 00:07:36,141,161,1.23,0.0,0.0,0,0,0,0,0,0.0,0,0,0,0.0,0.0,0,0,0,0,0,29:49,0,0:00,75.2,0,0:00,No,0,0,0,0,03:15.69,4,0.0,20,20,20,0,0,0,8,garmin,0
2020-11-25 10:39:14,Hiking,2020-11-25 10:39:14,False,Marin County Hiking,1.58,217,00:45:28,86,105,0.4,43,160,0 days 00:28:43,0 days 00:05:27,52,16,1.3,0.0,0.0,0,0,0,0,0,0.0,0,0,0,0.0,0.0,0,0,0,0,0,45:28,0,0:00,68.0,0,0:00,No,0,0,0,0,45:28.03,1,0.0,16,16,16,0,0,0,8,garmin,0
2020-11-24 13:24:42,Walking,2020-11-24 13:24:42,False,San Francisco Walking,4.22,600,02:00:38,94,141,1.1,63,209,0 days 00:28:34,0 days 00:11:41,341,315,0.9,0.0,0.0,0,0,0,0,0,0.0,0,0,0,0.0,0.0,0,0,0,0,0,2:00:38,0,0:00,75.2,0,0:00,No,0,0,0,0,04:20.46,5,0.0,19,19,19,0,0,0,8,garmin,0
2020-11-21 14:57:42,Hiking,2020-11-21 14:57:42,False,Contra Costa County Hiking,4.28,508,01:18:11,107,153,2.0,99,122,0 days 00:18:16,0 days 00:15:22,453,505,0.89,0.0,0.0,0,0,0,0,0,0.0,0,0,0,0.0,0.0,0,0,0,0,0,1:18:11,0,0:00,66.2,0,0:00,No,0,0,0,0,01:18:10.75,1,0.0,20,20,20,0,0,0,8,garmin,0
2020-11-20 15:16:54,Running,2020-11-20 15:16:54,False,Denver Running,3.08,284,00:29:02,132,140,2.1,144,163,0 days 00:09:25,0 days 00:07:35,56,43,1.19,0.0,0.0,0,0,0,0,0,0.0,0,0,0,0.0,0.0,0,0,0,0,0,29:02,0,0:00,60.8,0,0:00,No,0,0,0,0,00:51.10,4,0.0,17,17,17,0,0,0,8,garmin,0
2020-11-17 12:51:10,Running,2020-11-17 12:51:10,False,Denver Running,2.54,308,00:21:42,170,187,3.6,148,234,0 days 00:08:34,0 days 00:07:11,23,16,1.27,0.0,0.0,0,0,0,0,0,0.0,0,0,0,0.0,0.0,0,0,0,0,0,21:42,0,0:00,82.4,0,0:00,No,0,0,0,0,04:38.08,3,0.0,23,23,23,0,0,0,8,garmin,0
2020-11-15 15:22:53,Running,2020-11-15 15:22:53,False,Denver Running,5.64,774,00:54:10,175,191,5.0,147,159,0 days 00:09:37,0 days 00:07:19,95,108,1.14,0.0,0.0,0,0,0,0,0,0.0,0,0,0,0.0,0.0,0,0,0,0,0,54:10,0,0:00,75.2,0,0:00,No,0,0,0,0,06:32.37,6,0.0,19,19,19,0,0,0,8,garmin,0
2020-11-13 10:12:27,Running,2020-11-13 10:12:27,False,Denver Running,2.56,332,00:25:42,158,178,3.5,138,159,0 days 00:10:02,0 days 00:08:27,30,26,1.17,0.0,0.0,0,0,0,0,0,0.0,0,0,0,0.0,0.0,0,0,0,0,0,25:42,0,0:00,77.0,0,0:00,No,0,0,0,0,05:40.27,3,0.0,15,15,15,0,0,0,8,garmin,0
2020-11-08 13:08:52,Running,2020-11-08 13:08:52,False,Denver - RL2,5.38,678,00:58:37,156,175,3.6,144,202,0 days 00:10:54,0 days 00:09:11,217,236,1.03,12.5,13.1,316,50.3% L / 49.7% R,0,0,0,0.0,0,0,0,0.0,0.0,0,0,0,0,0,58:37,0,0:00,71.6,0,0:00,No,0,0,0,0,04:17.35,6,0.0,31,18,39,0,0,0,8,garmin,0
2020-11-07 14:09:25,Walking,2020-11-07 14:09:25,False,Denver Walking,1.94,250,00:58:17,94,126,0.3,48,158,0 days 00:30:00,0 days 00:11:56,59,46,1.12,0.0,0.0,0,0,0,0,0,0.0,0,0,0,0.0,0.0,0,0,0,0,0,58:17,0,0:00,78.8,0,0:00,No,0,0,0,0,26:34.72,2,0.0,18,18,18,0,0,0,8,garmin,0
2020-11-06 10:23:06,Golf,2020-11-06 10:23:06,False,Douglas County Golf,8.44,"1,367",04:42:24,105,157,1.5,0,0,1.8,13.3,879,794,0.0,0.0,0.0,0,0,0,0,0,0.0,0,0,0,0.0,0.0,0,0,0,0,0,4:42:24,0,0:00,78.8,0,0:00,No,0,0,0,0,17:56.41,9,0.0,13,13,13,0,0,0,8,garmin,0
2020-11-04 13:49:07,Running,2020-11-04 13:49:07,False,Denver Running,2.83,366,00:26:31,169,180,3.9,145,157,0 days 00:09:22,0 days 00:08:07,33,46,1.18,0.0,0.0,0,0,0,0,0,0.0,0,0,0,0.0,0.0,0,0,0,0,0,26:31,0,0:00,84.2,0,0:00,No,0,0,0,0,07:53.93,3,0.0,16,16,16,0,0,0,8,garmin,0
2020-10-30 14:27:52,Virtual Cycling,2020-10-30 14:27:52,False,Zwift - Paris,10.32,307,00:35:07,141,179,0.0,0,0,17.6,34.0,302,0,0.0,0.0,0.0,0,0,89,117,192,0.0,164,151,684,0.0,0.0,0,0,0,0,0,35:07,0,0:00,0.0,0,0:00,No,0,0,0,0,35:07.00,1,0.0,0,0,0,0,0,0,8,garmin,0
2020-10-29 11:11:03,Running,2020-10-29 11:11:03,False,Denver Running,2.80,398,00:27:58,175,186,3.8,147,156,0 days 00:10:00,0 days 00:08:26,20,13,1.1,0.0,0.0,0,0,0,0,0,0.0,0,0,0,0.0,0.0,0,0,0,0,0,27:58,0,0:00,73.4,0,0:00,No,0,0,0,0,08:22.46,3,0.0,18,18,18,0,0,0,8,garmin,0
2020-10-28 17:06:30,Running,2020-10-28 17:06:30,False,Denver Running,2.58,346,00:27:11,164,183,3.7,145,168,0 days 00:10:31,0 days 00:08:21,128,49,1.06,12.0,13.1,305,50.3% L / 49.7% R,0,0,0,0.0,0,0,0,0.0,0.0,0,0,0,0,0,27:11,0,0:00,66.2,0,0:00,No,0,0,0,0,06:44.39,3,0.0,31,22,40,0,0,0,8,garmin,0
2020-10-27 16:29:41,Running,2020-10-27 16:29:41,False,Denver Running,3.00,398,00:27:43,174,191,4.0,149,170,0 days 00:09:15,0 days 00:07:32,23,33,1.17,11.0,12.9,293,50.1% L / 49.9% R,0,0,0,0.0,0,0,0,0.0,0.0,0,0,0,0,0,27:43,0,0:00,73.4,0,0:00,No,0,0,0,0,08:53.80,3,0.0,34,19,41,0,0,0,8,garmin,0
2020-10-25 10:39:33,Virtual Cycling,2020-10-25 10:39:33,False,Zwift - Watopia,15.04,362,00:47:32,139,167,0.0,0,0,19.0,33.5,213,0,0.0,0.0,0.0,0,0,88,101,151,0.0,154,132,442,0.0,0.0,0,0,0,0,0,47:32,0,0:00,0.0,0,0:00,No,0,0,0,0,47:32.00,1,0.0,0,0,0,0,0,0,8,garmin,0
2020-10-23 14:47:16,Running,2020-10-23 14:47:16,False,Denver Running,3.05,376,00:28:46,159,180,3.6,149,233,0 days 00:09:26,0 days 00:08:19,46,26,1.16,10.9,12.7,291,50.4% L / 49.6% R,0,0,0,0.0,0,0,0,0.0,0.0,0,0,0,0,0,28:46,0,0:00,68.0,0,0:00,No,0,0,0,0,00:29.95,4,0.0,34,17,41,0,0,0,8,garmin,0
2020-10-20 16:42:54,Running,2020-10-20 16:42:54,False,Denver Running,2.99,404,00:30:15,162,177,3.6,145,154,0 days 00:10:08,0 days 00:09:24,7,10,1.09,0.0,0.0,0,0,0,0,0,0.0,0,0,0,0.0,0.0,0,0,0,0,0,30:15,0,0:00,73.4,0,0:00,No,0,0,0,0,09:52.03,3,0.0,14,14,14,0,0,0,8,garmin,0
2020-10-18 15:30:13,Walking,2020-10-18 15:30:13,False,Denver Walking,1.62,202,00:44:51,92,106,0.4,57,166,0 days 00:27:43,0 days 00:13:34,33,33,1.03,0.0,0.0,0,0,0,0,0,0.0,0,0,0,0.0,0.0,0,0,0,0,0,44:51,0,0:00,68.0,0,0:00,No,0,0,0,0,17:39.75,2,0.0,20,20,20,0,0,0,8,garmin,0
2020-10-16 15:23:27,Running,2020-10-16 15:23:27,False,Denver Running,2.98,444,00:29:46,177,191,4.6,142,160,0 days 00:09:59,0 days 00:08:21,30,36,1.13,0.0,0.0,0,0,0,0,0,0.0,0,0,0,0.0,0.0,0,0,0,0,0,29:46,0,0:00,82.4,0,0:00,No,0,0,0,0,09:35.96,3,0.0,22,22,22,0,0,0,8,garmin,0
2020-10-09 16:52:20,Running,2020-10-09 16:52:20,False,Denver Running,2.31,301,00:19:51,175,194,4.2,150,159,0 days 00:08:36,0 days 00:08:06,10,23,1.25,0.0,0.0,0,0,0,0,0,0.0,0,0,0,0.0,0.0,0,0,0,0,0,19:51,0,0:00,86.0,0,0:00,No,0,0,0,0,02:34.55,3,0.0,19,19,19,0,0,0,8,garmin,0
2020-10-08 16:26:48,Running,2020-10-08 16:26:48,False,Denver Running,2.84,377,00:28:38,159,176,3.7,147,157,0 days 00:10:05,0 days 00:08:35,23,16,1.09,0.0,0.0,0,0,0,0,0,0.0,0,0,0,0.0,0.0,0,0,0,0,0,28:38,0,0:00,86.0,0,0:00,No,0,0,0,0,08:45.09,3,0.0,19,19,19,0,0,0,8,garmin,0
2020-10-06 12:59:38,Running,2020-10-06 12:59:38,False,Denver Running,2.66,391,00:27:04,172,188,4.3,144,156,0 days 00:10:09,0 days 00:09:08,36,30,1.1,0.0,0.0,0,0,0,0,0,0.0,0,0,0,0.0,0.0,0,0,0,0,0,27:04,0,0:00,87.8,0,0:00,No,0,0,0,0,06:43.67,3,0.0,17,17,17,0,0,0,8,garmin,0
2020-10-05 17:59:32,Running,2020-10-05 17:59:32,False,Denver - RF4 or Cross-Train,3.06,416,00:31:23,158,183,4.0,140,160,0 days 00:10:15,0 days 00:08:27,16,36,1.12,0.0,0.0,0,0,0,0,0,0.0,0,0,0,0.0,0.0,0,0,0,0,0,31:23,0,0:00,78.8,0,0:00,No,0,0,0,0,01:23.40,5,0.0,21,21,21,0,0,0,8,garmin,0
2020-10-02 16:21:56,Running,2020-10-02 16:21:56,False,Denver Running,2.56,332,00:28:16,145,160,3.0,147,156,0 days 00:11:03,0 days 00:09:49,26,30,0.99,0.0,0.0,0,0,0,0,0,0.0,0,0,0,0.0,0.0,0,0,0,0,0,28:16,0,0:00,84.2,0,0:00,No,0,0,0,0,06:06.56,3,0.0,14,14,14,0,0,0,8,garmin,0
2020-10-01 12:15:07,Running,2020-10-01 12:15:07,False,Denver Running,3.10,458,00:29:32,179,190,5.0,147,159,0 days 00:09:32,0 days 00:08:38,23,23,1.15,0.0,0.0,0,0,0,0,0,0.0,0,0,0,0.0,0.0,0,0,0,0,0,29:32,0,0:00,77.0,0,0:00,No,0,0,0,0,01:13.86,4,0.0,24,24,24,0,0,0,8,garmin,0
2020-09-29 17:20:23,Running,2020-09-29 17:20:23,False,Denver Running,2.00,275,00:21:19,152,164,3.1,142,156,0 days 00:10:40,0 days 00:09:24,36,23,1.07,0.0,0.0,0,0,0,0,0,0.0,0,0,0,0.0,0.0,0,0,0,0,0,21:19,0,0:00,86.0,0,0:00,No,0,0,0,0,10:36.22,2,0.0,22,22,22,0,0,0,8,garmin,0
2020-09-24 18:12:21,Cycling,2020-09-24 18:12:21,False,Traverse City Cycling,2.67,154,00:28:46,101,113,0.7,0,0,5.6,11.6,66,16,0.0,0.0,0.0,0,0,0,0,0,0.0,0,0,0,0.0,0.0,0,0,0,0,0,28:46,0,0:00,73.4,0,0:00,No,0,0,0,0,28:46.29,1,0.0,18,18,18,0,0,0,8,garmin,0
2020-08-31 16:44:37,Running,2020-08-31 16:44:37,False,Denver Running,9.01,"1,185",01:36:17,156,174,4.1,143,159,0 days 00:10:41,0 days 00:08:43,243,269,1.05,0.0,0.0,0,0,0,0,0,0.0,0,0,0,0.0,0.0,0,0,0,0,0,1:36:17,0,0:00,78.8,0,0:00,No,0,0,0,0,00:11.56,10,0.0,22,22,22,0,0,0,8,garmin,0
2020-08-29 10:42:06,Cycling,2020-08-29 10:42:06,False,Denver Cycling,35.92,"1,791",02:43:49,155,185,5.0,0,0,13.2,34.9,"2,602","2,585",0.0,0.0,0.0,0,0,0,0,0,0.0,0,0,0,0.0,0.0,0,0,0,0,0,2:43:49,0,0:00,75.2,0,0:00,No,0,0,0,0,04:00.01,8,0.0,34,12,47,0,0,0,8,garmin,0
2020-08-28 18:26:56,Running,2020-08-28 18:26:56,False,Denver Running,2.96,368,00:30:40,148,164,3.0,138,157,0 days 00:10:21,0 days 00:09:01,23,39,1.13,0.0,0.0,0,0,0,0,0,0.0,0,0,0,0.0,0.0,0,0,0,0,0,30:40,0,0:00,75.2,0,0:00,No,0,0,0,0,09:57.22,3,0.0,19,19,19,0,0,0,8,garmin,0
2020-08-25 16:37:54,Running,2020-08-25 16:37:54,False,Denver - RFF6,3.03,407,00:29:11,169,186,3.8,145,155,0 days 00:09:38,0 days 00:08:43,16,23,1.15,0.0,0.0,0,0,0,0,0,0.0,0,0,0,0.0,0.0,0,0,0,0,0,29:11,0,0:00,84.2,0,0:00,No,0,0,0,0,04:59.61,4,0.0,19,19,19,0,0,0,8,garmin,0
2020-08-23 10:05:46,Running,2020-08-23 10:05:46,False,Denver Running,7.05,986,01:14:30,162,186,4.6,143,154,0 days 00:10:34,0 days 00:08:23,220,230,1.07,0.0,0.0,0,0,0,0,0,0.0,0,0,0,0.0,0.0,0,0,0,0,0,1:14:30,0,0:00,87.8,0,0:00,No,0,0,0,0,00:38.62,8,0.0,18,18,18,0,0,0,8,garmin,0
2020-08-21 17:02:49,Running,2020-08-21 17:02:49,False,Denver Running,3.05,389,00:28:42,163,178,3.4,145,154,0 days 00:09:25,0 days 00:08:19,10,30,1.18,0.0,0.0,0,0,0,0,0,0.0,0,0,0,0.0,0.0,0,0,0,0,0,28:42,0,0:00,84.2,0,0:00,No,0,0,0,0,00:27.81,4,0.0,18,18,18,0,0,0,8,garmin,0
2020-08-16 12:53:21,Running,2020-08-16 12:53:21,False,Denver - RL1,5.71,798,01:02:05,161,185,4.1,142,155,0 days 00:10:52,0 days 00:09:08,197,190,1.04,0.0,0.0,0,0,0,0,0,0.0,0,0,0,0.0,0.0,0,0,0,0,0,1:02:05,0,0:00,84.2,0,0:00,No,0,0,0,0,02:21.40,7,0.0,18,18,18,0,0,0,8,garmin,0
2020-08-14 16:35:24,Running,2020-08-14 16:35:24,False,Denver - RSP1,4.46,574,00:45:35,161,187,3.8,137,161,0 days 00:10:13,0 days 00:06:50,56,59,1.14,0.0,0.0,0,0,0,0,0,0.0,0,0,0,0.0,0.0,0,0,0,0,0,45:35,0,0:00,84.2,0,0:00,No,0,0,0,0,00:34.97,13,0.0,17,17,17,0,0,0,8,garmin,0
2020-08-12 17:27:31,Running,2020-08-12 17:27:31,False,Denver - RF3 or Cross-Train,3.01,422,00:31:41,167,181,3.5,142,154,0 days 00:10:33,0 days 00:09:13,20,33,1.08,0.0,0.0,0,0,0,0,0,0.0,0,0,0,0.0,0.0,0,0,0,0,0,31:41,0,0:00,82.4,0,0:00,No,0,0,0,0,01:41.37,5,0.0,20,20,20,0,0,0,8,garmin,0
2020-08-09 15:46:03,Running,2020-08-09 15:46:03,False,Denver - RL2,7.01,"1,050",01:19:48,171,190,5.0,139,219,0 days 00:11:23,0 days 00:08:21,112,243,1.04,11.6,12.1,314,50.6% L / 49.4% R,0,0,0,0.0,0,0,0,0.0,0.0,0,0,0,0,0,1:19:48,0,0:00,89.6,0,0:00,No,0,0,0,0,00:11.89,9,0.0,35,15,44,0,0,0,8,garmin,0
2020-08-07 18:10:17,Running,2020-08-07 18:10:17,False,Denver - RSP3,2.78,365,00:30:05,163,186,3.2,132,163,0 days 00:10:49,0 days 00:07:06,16,23,1.11,9.3,10.6,305,50.1% L / 49.9% R,0,0,0,0.0,0,0,0,0.0,0.0,0,0,0,0,0,30:05,0,0:00,87.8,0,0:00,No,0,0,0,0,00:05.07,14,0.0,33,24,42,0,0,0,8,garmin,0
2020-08-06 14:09:07,Running,2020-08-06 14:09:07,False,Denver - RF3 or Cross-Train,3.07,403,00:31:59,158,174,3.3,144,162,0 days 00:10:25,0 days 00:09:24,23,23,1.08,12.1,13.3,313,50.0% L / 50.0% R,0,0,0,0.0,0,0,0,0.0,0.0,0,0,0,0,0,31:59,0,0:00,82.4,0,0:00,No,0,0,0,0,01:59.36,5,0.0,35,20,43,0,0,0,8,garmin,0
2020-08-05 12:02:09,Running,2020-08-05 12:02:09,False,Denver - RF4 or Cross-Train,3.08,433,00:32:16,162,176,3.5,143,157,0 days 00:10:28,0 days 00:09:20,23,49,1.07,0.0,0.0,0,0,0,0,0,0.0,0,0,0,0.0,0.0,0,0,0,0,0,32:16,0,0:00,82.4,0,0:00,No,0,0,0,0,02:16.16,5,0.0,18,18,18,0,0,0,8,garmin,0
2020-08-02 11:50:47,Hiking,2020-08-02 11:50:47,False,Montezuma County Hiking,4.25,"1,098",03:09:51,111,153,2.2,38,159,0 days 00:44:38,0 days 00:13:26,"1,358","1,306",0.96,0.0,0.0,0,0,0,0,0,0.0,0,0,0,0.0,0.0,0,0,0,0,0,3:09:51,0,0:00,73.4,0,0:00,No,0,0,0,0,03:09:50.91,1,0.0,21,21,21,0,0,0,8,garmin,0
2020-08-01 17:19:39,Cycling,2020-08-01 17:19:39,False,Durango Cycling,4.89,179,00:27:39,107,132,0.8,0,0,10.6,20.4,144,151,0.0,0.0,0.0,0,0,0,0,0,0.0,0,0,0,0.0,0.0,0,0,0,0,0,27:39,0,0:00,73.4,0,0:00,No,0,0,0,0,27:38.61,1,0.0,16,16,16,0,0,0,8,garmin,0
2020-08-01 13:46:13,Cycling,2020-08-01 13:46:13,False,Durango Cycling,10.38,946,01:44:35,143,189,4.7,0,0,6.0,19.0,971,961,0.0,0.0,0.0,0,0,0,0,0,0.0,0,0,0,0.0,0.0,0,0,0,0,0,1:44:35,0,0:00,62.6,0,0:00,No,0,0,0,0,09:02.12,3,0.0,25,25,25,0,0,0,8,garmin,0
2020-07-31 17:19:49,Running,2020-07-31 17:19:49,False,Durango - RSP2,2.39,346,00:26:52,158,181,3.2,135,176,0 days 00:11:15,0 days 00:07:20,75,89,1.07,11.0,12.0,311,50.8% L / 49.2% R,0,0,0,0.0,0,0,0,0.0,0.0,0,0,0,0,0,26:52,0,0:00,82.4,0,0:00,No,0,0,0,0,02:00.00,9,0.0,33,20,41,0,0,0,8,garmin,0
2020-07-31 14:00:09,Hiking,2020-07-31 14:00:09,False,San Juan County Hiking,2.83,382,01:09:37,114,149,1.3,70,154,0 days 00:24:35,0 days 00:14:22,49,"1,096",0.94,0.0,0.0,0,0,0,0,0,0.0,0,0,0,0.0,0.0,0,0,0,0,0,1:09:37,0,0:00,77.0,0,0:00,No,0,0,0,0,01:09:37.25,1,0.0,25,25,25,0,0,0,8,garmin,0
2020-07-31 11:43:50,Hiking,2020-07-31 11:43:50,False,San Juan County Hiking,2.95,713,01:47:06,113,152,2.2,37,159,0 days 00:36:18,0 days 00:07:23,"1,112",56,1.2,0.0,0.0,0,0,0,0,0,0.0,0,0,0,0.0,0.0,0,0,0,0,0,1:47:06,0,0:00,82.4,0,0:00,No,0,0,0,0,01:47:06.34,1,0.0,20,20,20,0,0,0,8,garmin,0
2020-07-29 19:11:27,Running,2020-07-29 19:11:27,False,Denver Running,3.04,428,00:35:18,150,168,3.1,134,152,0 days 00:11:36,0 days 00:09:47,33,66,1.03,0.0,0.0,0,0,0,0,0,0.0,0,0,0,0.0,0.0,0,0,0,0,0,35:18,0,0:00,86.0,0,0:00,No,0,0,0,0,00:23.36,4,0.0,19,19,19,0,0,0,8,garmin,0
2020-07-28 16:46:22,Running,2020-07-28 16:46:22,False,Denver Running,3.03,420,00:31:50,162,172,3.4,144,165,0 days 00:10:30,0 days 00:08:59,20,30,1.07,12.2,13.2,315,50.6% L / 49.4% R,0,0,0,0.0,0,0,0,0.0,0.0,0,0,0,0,0,31:50,0,0:00,84.2,0,0:00,No,0,0,0,0,00:21.73,4,0.0,31,17,38,0,0,0,8,garmin,0
2020-07-25 09:03:36,Cycling,2020-07-25 09:03:36,False,Denver Cycling,39.07,"2,140",03:00:07,163,189,5.0,0,0,13.0,31.6,"2,598","2,575",0.0,0.0,0.0,0,0,0,0,0,0.0,0,0,0,0.0,0.0,0,0,0,0,0,3:00:07,0,0:00,80.6,0,0:00,No,0,0,0,0,16:09.02,8,0.0,35,12,49,0,0,0,8,garmin,0
2020-07-19 16:13:18,Running,2020-07-19 16:13:18,False,Denver Running,5.61,769,00:57:07,160,184,4.4,143,226,0 days 00:10:11,0 days 00:08:10,207,226,1.12,12.2,13.8,306,50.5% L / 49.5% R,0,0,0,0.0,0,0,0,0.0,0.0,0,0,0,0,0,57:07,0,0:00,86.0,0,0:00,No,0,0,0,0,06:38.80,6,0.0,33,12,44,0,0,0,8,garmin,0
2020-07-16 19:14:21,Running,2020-07-16 19:14:21,False,Denver Running,3.05,395,00:26:09,164,194,4.1,148,156,0 days 00:08:34,0 days 00:07:46,0,423,1.27,0.0,0.0,0,0,0,0,0,0.0,0,0,0,0.0,0.0,0,0,0,0,0,26:09,0,0:00,82.4,0,0:00,No,0,0,0,0,00:29.56,4,0.0,13,13,13,0,0,0,8,garmin,0
2020-07-12 07:24:45,Hiking,2020-07-12 07:24:45,False,Clear Creek County Hiking,4.47,"1,402",04:22:22,100,133,1.5,26,163,0 days 00:58:42,0 days 00:16:04,"2,864",121,1.06,0.0,0.0,0,0,0,0,0,0.0,0,0,0,0.0,0.0,0,0,0,0,0,4:22:22,0,0:00,73.4,0,0:00,No,0,0,0,0,04:22:22.17,1,0.0,21,21,21,0,0,0,8,garmin,0
2020-07-03 08:23:57,Treadmill Running,2020-07-03 08:23:57,False,Treadmill Running,2.01,268,00:19:25,152,166,3.0,141,154,0 days 00:09:39,0 days 00:08:35,0,0,1.18,0.0,0.0,0,0,0,0,0,0.0,0,0,0,0.0,0.0,0,0,0,0,0,19:25,0,0:00,84.2,0,0:00,No,0,0,0,0,00:06.10,3,0.0,15,15,15,0,0,0,8,garmin,0
2020-06-30 17:41:39,Walking,2020-06-30 17:41:39,False,Denver Walking,0.68,136,00:13:24,130,174,1.4,88,141,0 days 00:19:49,0 days 00:10:29,23,20,0.92,0.0,0.0,0,0,0,0,0,0.0,0,0,0,0.0,0.0,0,0,0,0,0,13:24,0,0:00,89.6,0,0:00,No,0,0,0,0,13:23.56,1,0.0,35,35,35,0,0,0,8,garmin,0
2020-06-30 17:15:51,Running,2020-06-30 17:15:51,False,Denver Running,3.12,383,00:25:05,165,192,3.6,150,166,0 days 00:08:02,0 days 00:06:21,16,33,1.34,0.0,0.0,0,0,0,0,0,0.0,0,0,0,0.0,0.0,0,0,0,0,0,25:05,0,0:00,87.8,0,0:00,No,0,0,0,0,00:52.35,4,0.0,15,15,15,0,0,0,8,garmin,0
2020-06-28 17:00:00,Running,2020-06-28 17:00:00,False,Denver Running,3.01,398,00:31:21,145,162,2.8,145,152,0 days 00:10:25,0 days 00:09:18,26,36,1.06,0.0,0.0,0,0,0,0,0,0.0,0,0,0,0.0,0.0,0,0,0,0,0,31:21,0,0:00,87.8,0,0:00,No,0,0,0,0,00:04.87,4,0.0,0,0,0,0,0,0,8,garmin,0
2020-06-28 14:58:59,Cycling,2020-06-28 14:58:59,False,Denver Cycling,8.16,410,01:23:16,100,136,0.6,0,0,5.9,14.5,226,223,0.0,0.0,0.0,0,0,0,0,0,0.0,0,0,0,0.0,0.0,0,0,0,0,0,1:23:16,0,0:00,87.8,0,0:00,No,0,0,0,0,41:11.64,2,0.0,14,14,14,0,0,0,8,garmin,0
2020-06-27 15:09:46,Running,2020-06-27 15:09:46,False,Denver Running,3.11,438,00:28:31,165,177,3.5,148,176,0 days 00:09:10,0 days 00:07:50,20,33,1.2,11.2,13.7,290,50.8% L / 49.2% R,0,0,0,0.0,0,0,0,0.0,0.0,0,0,0,0,0,28:31,0,0:00,84.2,0,0:00,No,0,0,0,0,01:04.25,4,0.0,36,15,42,0,0,0,8,garmin,0
2020-06-25 07:04:29,Running,2020-06-25 07:04:29,False,New Braunfels Running,7.01,882,01:11:06,145,163,3.3,147,183,0 days 00:10:08,0 days 00:08:07,92,85,1.06,12.3,13.2,301,50.4% L / 49.6% R,0,0,0,0.0,0,0,0,0.0,0.0,0,0,0,0,0,1:11:06,0,0:00,82.4,0,0:00,No,0,0,0,0,00:07.90,8,0.0,31,16,47,0,0,0,8,garmin,0
2020-06-24 18:27:16,Running,2020-06-24 18:27:16,False,New Braunfels Running,1.34,153,00:10:50,152,179,2.4,149,155,0 days 00:08:04,0 days 00:06:56,23,23,1.34,0.0,0.0,0,0,0,0,0,0.0,0,0,0,0.0,0.0,0,0,0,0,0,10:50,0,0:00,87.8,0,0:00,No,0,0,0,0,02:38.99,2,0.0,13,13,13,0,0,0,8,garmin,0
2020-06-21 13:33:34,Running,2020-06-21 13:33:34,False,New Braunfels Running,5.77,910,01:00:46,169,187,4.8,141,174,0 days 00:10:31,0 days 00:02:09,253,299,1.08,12.7,14.0,309,50.6% L / 49.4% R,0,0,0,0.0,0,0,0,0.0,0.0,0,0,0,0,0,1:00:46,0,0:00,84.2,0,0:00,No,0,0,0,0,08:32.48,6,0.0,34,14,44,0,0,0,8,garmin,0
2020-06-19 19:02:59,Open Water Swimming,2020-06-19 19:02:59,False,New Braunfels Open Water Swimming,"1,226",250,00:23:38,129,142,2.0,0,0,0 days 00:01:56,0 days 00:00:39,0,0,0.0,0.0,0.0,0,0,0,0,0,0.0,0,0,0,0.0,0.0,506,43,21,0,0,23:38,0,0:00,80.6,0,0:00,No,0,0,0,0,04:43.84,3,0.0,0,0,0,0,0,0,8,garmin,0
2020-06-18 19:17:19,Running,2020-06-18 19:17:19,False,New Braunfels Running,6.58,840,01:08:53,147,164,3.2,143,256,0 days 00:10:29,0 days 00:09:08,112,112,1.08,13.0,14.3,307,50.5% L / 49.5% R,0,0,0,0.0,0,0,0,0.0,0.0,0,0,0,0,0,1:08:53,0,0:00,87.8,0,0:00,No,0,0,0,0,06:01.27,7,0.0,32,13,39,0,0,0,8,garmin,0
2020-06-17 19:21:21,Running,2020-06-17 19:21:21,False,New Braunfels Running,2.09,247,00:19:43,142,167,2.6,143,155,0 days 00:09:27,0 days 00:07:20,59,56,1.18,12.0,14.3,301,51.0% L / 49.0% R,0,0,0,0.0,0,0,0,0.0,0.0,0,0,0,0,0,19:43,0,0:00,91.4,0,0:00,No,0,0,0,0,00:45.23,3,0.0,29,15,37,0,0,0,8,garmin,0
2020-06-14 11:39:05,Running,2020-06-14 11:39:05,False,New Braunfels Running,8.70,"1,205",01:30:17,163,189,4.5,144,220,0 days 00:10:23,0 days 00:08:27,387,374,1.08,12.8,14.1,304,50.7% L / 49.3% R,0,0,0,0.0,0,0,0,0.0,0.0,0,0,0,0,0,1:30:17,0,0:00,86.0,0,0:00,No,0,0,0,0,07:40.31,9,0.0,35,15,43,0,0,0,8,garmin,0
2020-06-14 10:10:46,Virtual Cycling,2020-06-14 10:10:46,False,Zwift - Watopia,16.62,415,01:00:17,124,155,0.0,0,0,16.5,29.6,344,0,0.0,0.0,0.0,0,0,85,101,131,0.0,136,119,434,0.0,0.0,0,0,0,0,0,1:00:17,0,0:00,0.0,0,0:00,No,0,0,0,0,01:00:17.00,1,0.0,0,0,0,0,0,0,8,garmin,0
2020-06-14 09:07:37,Open Water Swimming,2020-06-14 09:07:37,False,New Braunfels Open Water Swimming,"2,225",491,00:46:47,133,149,2.6,0,0,0 days 00:02:06,0 days 00:00:36,0,0,0.0,0.0,0.0,0,0,0,0,0,0.0,0,0,0,0.0,0.0,985,47,21,0,0,46:47,0,0:00,75.2,0,0:00,No,0,0,0,0,04:47.19,5,0.0,0,0,0,0,0,0,8,garmin,0
2020-06-13 17:11:02,Open Water Swimming,2020-06-13 17:11:02,False,New Braunfels Open Water Swimming,"1,448",367,00:26:20,150,165,3.0,0,0,0 days 00:01:49,0 days 00:00:39,0,0,0.0,0.0,0.0,0,0,0,0,0,0.0,0,0,0,0.0,0.0,591,41,22,0,0,26:20,0,0:00,78.8,0,0:00,No,0,0,0,0,08:31.34,3,0.0,0,0,0,0,0,0,8,garmin,0
2020-06-12 18:10:43,Running,2020-06-12 18:10:43,False,New Braunfels Running,5.64,826,00:57:29,166,182,3.9,145,256,0 days 00:10:11,0 days 00:08:11,92,92,1.1,12.0,13.2,305,51.3% L / 48.7% R,0,0,0,0.0,0,0,0,0.0,0.0,0,0,0,0,0,57:29,0,0:00,89.6,0,0:00,No,0,0,0,0,06:29.39,6,0.0,35,18,45,0,0,0,8,garmin,0
2020-06-11 18:59:57,Running,2020-06-11 18:59:57,False,New Braunfels Running,2.28,323,00:22:13,160,179,3.1,144,222,0 days 00:09:45,0 days 00:08:00,98,75,1.15,11.5,13.4,292,49.5% L / 50.5% R,0,0,0,0.0,0,0,0,0.0,0.0,0,0,0,0,0,22:13,0,0:00,84.2,0,0:00,No,0,0,0,0,02:35.61,3,0.0,34,23,40,0,0,0,8,garmin,0
2020-06-11 18:27:46,Virtual Cycling,2020-06-11 18:27:46,False,Zwift - Yorkshire,6.46,225,00:25:19,132,153,0.0,0,0,15.3,51.6,656,0,0.0,0.0,0.0,0,0,81,101,169,0.0,158,154,458,0.0,0.0,0,0,0,0,0,25:19,0,0:00,0.0,0,0:00,No,0,0,0,0,25:18.100,1,0.0,0,0,0,0,0,0,8,garmin,0
2020-06-11 07:33:58,Running,2020-06-11 07:33:58,False,New Braunfels Running,1.44,168,00:14:55,131,149,1.9,144,240,0 days 00:10:22,0 days 00:09:09,30,26,1.09,12.6,13.9,301,50.6% L / 49.4% R,0,0,0,0.0,0,0,0,0.0,0.0,0,0,0,0,0,14:55,0,0:00,78.8,0,0:00,No,0,0,0,0,04:19.10,2,0.0,28,15,37,0,0,0,8,garmin,0
2020-06-09 20:05:26,Running,2020-06-09 20:05:26,False,New Braunfels Running,3.11,387,00:25:08,171,190,3.7,149,162,0 days 00:08:04,0 days 00:06:39,128,135,1.34,10.3,14.2,278,51.2% L / 48.8% R,0,0,0,0.0,0,0,0,0.0,0.0,0,0,0,0,0,25:08,0,0:00,84.2,0,0:00,No,0,0,0,0,00:54.99,4,0.0,36,13,43,0,0,0,8,garmin,0
2020-06-07 10:57:35,Running,2020-06-07 10:57:35,False,Laredo Running,8.51,"1,180",01:32:01,156,179,4.0,142,192,0 days 00:10:48,0 days 00:08:35,223,220,1.05,12.9,13.7,310,50.5% L / 49.5% R,0,0,0,0.0,0,0,0,0.0,0.0,0,0,0,0,0,1:32:01,0,0:00,98.6,0,0:00,No,0,0,0,0,05:27.59,9,0.0,34,17,42,0,0,0,8,garmin,0
2020-06-05 09:44:06,Running,2020-06-05 09:44:06,False,Laredo Running,3.26,439,00:33:58,149,179,3.0,144,170,0 days 00:10:26,0 days 00:07:51,112,105,1.07,12.6,13.3,308,51.0% L / 49.0% R,0,0,0,0.0,0,0,0,0.0,0.0,0,0,0,0,0,33:58,0,0:00,91.4,0,0:00,No,0,0,0,0,02:20.50,4,0.0,31,13,39,0,0,0,8,garmin,0
2020-06-03 17:04:43,Running,2020-06-03 17:04:43,False,Laredo Running,4.22,572,00:39:14,166,179,3.8,145,172,0 days 00:09:18,0 days 00:07:30,154,148,1.2,11.7,14.2,298,50.8% L / 49.2% R,0,0,0,0.0,0,0,0,0.0,0.0,0,0,0,0,0,39:14,0,0:00,93.2,0,0:00,No,0,0,0,0,02:19.30,5,0.0,34,17,42,0,0,0,8,garmin,0
2020-06-01 18:25:28,Running,2020-06-01 18:25:28,False,Laredo Running,2.78,337,00:30:57,136,153,2.2,143,175,0 days 00:11:08,0 days 00:08:35,89,95,1.01,13.0,13.2,320,50.5% L / 49.5% R,0,0,0,0.0,0,0,0,0.0,0.0,0,0,0,0,0,30:57,0,0:00,87.8,0,0:00,No,0,0,0,0,08:55.23,3,0.0,27,17,36,0,0,0,8,garmin,0
2020-05-31 12:34:29,Running,2020-05-31 12:34:29,False,New Braunfels Running,6.62,856,01:05:08,157,184,3.8,143,256,0 days 00:09:50,0 days 00:07:18,272,341,1.15,11.1,12.9,269,49.7% L / 50.3% R,0,0,0,0.0,0,0,0,0.0,0.0,0,0,0,0,0,1:05:08,0,0:00,87.8,0,0:00,No,0,0,0,0,05:12.45,7,0.0,32,16,45,0,0,0,8,garmin,0
2020-05-31 11:47:26,Virtual Cycling,2020-05-31 11:47:26,False,Zwift - London,11.53,355,00:33:20,141,163,0.0,0,0,20.7,29.5,125,0,0.0,0.0,0.0,0,0,90,107,195,0.0,198,185,717,0.0,0.0,0,0,0,0,0,33:20,0,0:00,0.0,0,0:00,No,0,0,0,0,00:00.00,1,0.0,0,0,0,0,0,0,8,garmin,0
2020-05-31 11:40:54,Strength Training,2020-05-31 11:40:54,False,Strength,0.00,22,00:04:41.3,93,125,0.1,0,0,0 days 00:00:00,0 days 00:00:00,0,0,0.0,0.0,0.0,0,0,0,0,0,0.0,0,0,0,0.0,0.0,0,0,0,49,5,4:41.3,0,0:00,86.0,0,0:00,No,0,0,0,0,00:00.00,1,0.0,22,17,27,0,0,0,8,garmin,0
2020-05-29 15:53:14,Virtual Cycling,2020-05-29 15:53:14,False,Zwift - Watopia,24.11,"1,205",02:29:58,138,167,0.0,0,0,9.6,49.2,"3,835",0,0.0,0.0,0.0,0,0,76,116,159,0.0,175,141,416,0.0,0.0,0,0,0,0,0,2:29:58,0,0:00,0.0,0,0:00,No,0,0,0,0,00:00.00,1,0.0,0,0,0,0,0,0,8,garmin,0
2020-05-28 08:04:10,Running,2020-05-28 08:04:10,False,New Braunfels Running,2.39,288,00:20:53,157,177,3.0,146,226,0 days 00:08:45,0 days 00:07:20,56,59,1.26,11.2,14.2,290,50.9% L / 49.1% R,0,0,0,0.0,0,0,0,0.0,0.0,0,0,0,0,0,20:53,0,0:00,78.8,0,0:00,No,0,0,0,0,03:05.85,3,0.0,32,12,39,0,0,0,8,garmin,0
2020-05-26 18:36:03,Running,2020-05-26 18:36:03,False,New Braunfels Running,3.80,466,00:37:53,149,171,2.9,142,154,0 days 00:09:58,0 days 00:08:07,164,157,1.14,12.4,14.2,310,50.4% L / 49.6% R,0,0,0,0.0,0,0,0,0.0,0.0,0,0,0,0,0,37:53,0,0:00,89.6,0,0:00,No,0,0,0,0,08:03.15,4,0.0,30,14,40,0,0,0,8,garmin,0
2020-05-26 07:39:18,Running,2020-05-26 07:39:18,False,New Braunfels Running,1.54,175,00:14:40,138,153,2.1,144,152,0 days 00:09:31,0 days 00:08:33,30,33,1.17,0.0,0.0,0,0,0,0,0,0.0,0,0,0,0.0,0.0,0,0,0,0,0,14:40,0,0:00,80.6,0,0:00,No,0,0,0,0,04:56.39,2,0.0,18,18,18,0,0,0,8,garmin,0
2020-05-24 11:06:22,Running,2020-05-24 11:06:22,False,New Braunfels Running,3.53,482,00:34:44,161,179,3.5,143,164,0 days 00:09:50,0 days 00:08:26,85,98,1.15,12.6,14.8,295,50.2% L / 49.8% R,0,0,0,0.0,0,0,0,0.0,0.0,0,0,0,0,0,34:44,0,0:00,86.0,0,0:00,No,0,0,0,0,05:05.21,4,0.0,33,18,42,0,0,0,8,garmin,0
2020-05-24 09:51:45,Virtual Cycling,2020-05-24 09:51:45,False,Zwift - London,12.24,517,01:00:10,135,160,0.0,0,0,12.2,51.3,"1,391",0,0.0,0.0,0.0,0,0,86,110,163,0.0,165,149,451,0.0,0.0,0,0,0,0,0,1:00:10,0,0:00,0.0,0,0:00,No,0,0,0,0,00:00.00,1,0.0,0,0,0,0,0,0,8,garmin,0
2020-05-24 09:04:42,Open Water Swimming,2020-05-24 09:04:42,False,New Braunfels Open Water Swimming,"1,117",269,00:22:05,142,158,2.5,0,0,0 days 00:01:59,0 days 00:00:17,0,0,0.0,0.0,0.0,0,0,0,0,0,0.0,0,0,0,0.0,0.0,498,45,22,0,0,22:05,0,0:00,77.0,0,0:00,No,0,0,0,0,02:38.61,3,0.0,0,0,0,0,0,0,8,garmin,0
2020-05-23 17:00:26,Running,2020-05-23 17:00:26,False,New Braunfels Running,4.02,529,00:36:58,167,195,4.2,145,192,0 days 00:09:12,0 days 00:06:58,184,187,1.21,11.4,13.9,299,50.6% L / 49.4% R,0,0,0,0.0,0,0,0,0.0,0.0,0,0,0,0,0,36:58,0,0:00,95.0,0,0:00,No,0,0,0,0,00:09.49,5,0.0,37,16,45,0,0,0,8,garmin,0
2020-05-20 16:47:47,Running,2020-05-20 16:47:47,False,Denver Running,3.02,384,00:28:13,161,184,3.5,147,155,0 days 00:09:21,0 days 00:07:49,151,171,1.17,11.5,13.7,301,50.2% L / 49.8% R,0,0,0,0.0,0,0,0,0.0,0.0,0,0,0,0,0,28:13,0,0:00,89.6,0,0:00,No,0,0,0,0,00:14.82,4,0.0,33,19,42,0,0,0,8,garmin,0
2020-05-19 17:38:36,Running,2020-05-19 17:38:36,False,Denver Running,2.90,381,00:28:54,156,171,3.4,144,187,0 days 00:09:58,0 days 00:08:43,56,75,1.12,11.7,13.1,310,50.6% L / 49.4% R,0,0,0,0.0,0,0,0,0.0,0.0,0,0,0,0,0,28:54,0,0:00,89.6,0,0:00,No,0,0,0,0,09:04.54,3,0.0,33,19,40,0,0,0,8,garmin,0
2020-05-17 08:26:19,Running,2020-05-17 08:26:19,False,Denver Running,8.05,"1,088",01:19:06,164,185,5.0,149,208,0 days 00:09:49,0 days 00:08:33,318,299,1.1,11.6,13.0,305,49.9% L / 50.1% R,0,0,0,0.0,0,0,0,0.0,0.0,0,0,0,0,0,1:19:06,0,0:00,71.6,0,0:00,No,0,0,0,0,00:28.25,9,0.0,35,19,42,0,0,0,8,garmin,0
2020-05-17 06:21:57,Virtual Cycling,2020-05-17 06:21:57,False,Zwift - 90min Riders Choice,25.25,561,01:24:31,123,137,0.0,0,0,17.9,25.8,203,0,0.0,0.0,0.0,0,0,81,95,120,0.0,125,117,244,0.0,0.0,0,0,0,0,0,1:24:31,0,0:00,0.0,0,0:00,No,0,0,0,0,00:00.00,1,0.0,0,0,0,0,0,0,8,garmin,0
2020-05-17 05:55:31,Running,2020-05-17 05:55:31,False,Denver Running,1.04,127,00:10:10,143,160,2.3,146,156,0 days 00:09:48,0 days 00:09:18,33,16,1.13,0.0,0.0,0,0,0,0,0,0.0,0,0,0,0.0,0.0,0,0,0,0,0,10:10,0,0:00,68.0,0,0:00,No,0,0,0,0,00:24.28,2,0.0,36,21,42,0,0,0,8,garmin,0
2020-05-16 14:11:25,Running,2020-05-16 14:11:25,False,Denver Running,5.37,659,01:01:34,138,165,3.1,139,256,0 days 00:11:28,0 days 00:08:21,167,167,1.01,11.9,12.2,319,50.3% L / 49.7% R,0,0,0,0.0,0,0,0,0.0,0.0,0,0,0,0,0,1:01:34,0,0:00,80.6,0,0:00,No,0,0,0,0,03:55.20,6,0.0,29,12,39,0,0,0,8,garmin,0
2020-05-15 16:33:33,Virtual Cycling,2020-05-15 16:33:33,False,Zwift - Innsbruck,10.80,484,01:00:40,134,171,0.0,0,0,10.7,52.1,"1,414",0,0.0,0.0,0.0,0,0,72,118,168,0.0,168,142,495,0.0,0.0,0,0,0,0,0,1:00:40,0,0:00,0.0,0,0:00,No,0,0,0,0,00:00.00,1,0.0,0,0,0,0,0,0,8,garmin,0
2020-05-15 08:01:22,Running,2020-05-15 08:01:22,False,Denver Running,2.08,251,00:20:55,146,164,2.8,143,176,0 days 00:10:03,0 days 00:09:06,39,59,1.11,12.1,13.4,307,50.5% L / 49.5% R,0,0,0,0.0,0,0,0,0.0,0.0,0,0,0,0,0,20:55,0,0:00,73.4,0,0:00,No,0,0,0,0,00:47.21,3,0.0,30,17,40,0,0,0,8,garmin,0
2020-05-13 16:24:01,Running,2020-05-13 16:24:01,False,Denver Running,4.08,540,00:40:52,160,178,3.9,143,158,0 days 00:10:01,0 days 00:08:41,23,46,1.13,11.9,13.7,312,50.6% L / 49.4% R,0,0,0,0.0,0,0,0,0.0,0.0,0,0,0,0,0,40:52,0,0:00,82.4,0,0:00,No,0,0,0,0,00:46.40,5,0.0,36,15,43,0,0,0,8,garmin,0
2020-05-10 13:46:45,Cycling,2020-05-10 13:46:45,False,Denver Cycling,5.03,290,00:53:44,103,132,0.6,0,0,5.6,17.0,200,118,0.0,0.0,0.0,0,0,0,0,0,0.0,0,0,0,0.0,0.0,0,0,0,0,0,53:44,0,0:00,73.4,0,0:00,No,0,0,0,0,00:18.58,2,0.0,15,15,15,0,0,0,8,garmin,0
2020-05-09 08:55:14,Running,2020-05-09 08:55:14,False,Denver Running,8.10,"1,101",01:24:04,164,182,4.8,145,170,0 days 00:10:23,0 days 00:09:15,253,259,1.07,11.6,12.6,297,49.5% L / 50.5% R,0,0,0,0.0,0,0,0,0.0,0.0,0,0,0,0,0,1:24:04,0,0:00,69.8,0,0:00,No,0,0,0,0,01:16.40,9,0.0,33,19,45,0,0,0,8,garmin,0
2020-05-09 07:15:16,Virtual Cycling,2020-05-09 07:15:16,False,Zwift - 90min Riders Choice,25.11,633,01:20:20,136,151,0.0,0,0,18.7,31.0,335,0,0.0,0.0,0.0,0,0,82,95,141,0.0,151,138,304,0.0,0.0,0,0,0,0,0,1:20:20,0,0:00,0.0,0,0:00,No,0,0,0,0,00:00.00,1,0.0,0,0,0,0,0,0,8,garmin,0
2020-05-09 06:52:26,Running,2020-05-09 06:52:26,False,Denver Running,2.04,242,00:18:22,157,167,3.1,148,159,0 days 00:09:00,0 days 00:08:20,43,36,1.21,0.0,0.0,0,0,0,0,0,0.0,0,0,0,0.0,0.0,0,0,0,0,0,18:22,0,0:00,66.2,0,0:00,No,0,0,0,0,00:23.97,3,0.0,37,14,44,0,0,0,8,garmin,0
2020-05-07 19:26:27,Running,2020-05-07 19:26:27,False,Denver Running,3.05,409,00:30:18,165,177,3.6,146,153,0 days 00:09:56,0 days 00:08:27,112,115,1.1,11.9,13.2,305,49.6% L / 50.4% R,0,0,0,0.0,0,0,0,0.0,0.0,0,0,0,0,0,30:18,0,0:00,69.8,0,0:00,No,0,0,0,0,00:27.72,4,0.0,36,27,43,0,0,0,8,garmin,0
2020-05-07 18:46:30,Virtual Cycling,2020-05-07 18:46:30,False,Zwift - Watopia,11.53,343,00:35:36,147,184,0.0,0,0,19.4,29.1,292,0,0.0,0.0,0.0,0,0,85,103,200,0.0,170,168,689,0.0,0.0,0,0,0,0,0,35:36,0,0:00,0.0,0,0:00,No,0,0,0,0,00:00.00,1,0.0,0,0,0,0,0,0,8,garmin,0
2020-05-06 16:49:06,Running,2020-05-06 16:49:06,False,Denver Running,3.10,382,00:29:40,158,176,3.4,146,254,0 days 00:09:33,0 days 00:07:34,20,43,1.16,11.8,13.3,308,50.4% L / 49.6% R,0,0,0,0.0,0,0,0,0.0,0.0,0,0,0,0,0,29:40,0,0:00,75.2,0,0:00,No,0,0,0,0,01:42.60,4,0.0,33,14,40,0,0,0,8,garmin,0
2020-05-05 18:14:43,Virtual Cycling,2020-05-05 18:14:43,False,Zwift - NYC,14.31,480,00:53:08,135,162,0.0,0,0,16.2,42.3,"1,247",0,0.0,0.0,0.0,0,0,80,110,179,0.0,180,156,590,0.0,0.0,0,0,0,0,0,53:08,0,0:00,0.0,0,0:00,No,0,0,0,0,00:00.00,1,0.0,0,0,0,0,0,0,8,garmin,0
2020-05-04 07:29:12,Yoga,2020-05-04 07:29:12,False,Yoga,0.00,46,00:24:14,71,91,0.0,0,0,0 days 00:00:00,0 days 00:00:00,0,0,0.0,0.0,0.0,0,0,0,0,0,0.0,0,0,0,0.0,0.0,0,0,0,0,1,24:14,0,0:00,84.2,0,0:00,No,0,0,0,0,00:00.00,1,0.0,18,10,24,25,8,33,8,garmin,0
2020-05-03 16:56:07,Running,2020-05-03 16:56:07,False,Denver Running,3.10,434,00:34:30,153,169,3.4,138,213,0 days 00:11:07,0 days 00:08:52,36,36,1.07,11.9,13.0,316,50.8% L / 49.2% R,0,0,0,0.0,0,0,0,0.0,0.0,0,0,0,0,0,34:30,0,0:00,84.2,0,0:00,No,0,0,0,0,01:20.95,4,0.0,33,18,43,0,0,0,8,garmin,0
2020-05-03 15:05:52,Virtual Cycling,2020-05-03 15:05:52,False,Zwift - Watopia,20.05,747,01:34:40,133,168,0.0,0,0,12.7,46.7,"2,156",0,0.0,0.0,0.0,0,0,76,107,158,0.0,168,137,547,0.0,0.0,0,0,0,0,0,1:34:40,0,0:00,0.0,0,0:00,No,0,0,0,0,00:00.00,1,0.0,0,0,0,0,0,0,8,garmin,0
2020-05-01 17:37:32,Running,2020-05-01 17:37:32,False,Denver Running,5.11,783,00:57:45,171,187,4.7,141,240,0 days 00:11:18,0 days 00:03:09,194,207,1.02,12.1,12.4,322,50.1% L / 49.9% R,0,0,0,0.0,0,0,0,0.0,0.0,0,0,0,0,0,57:45,0,0:00,84.2,0,0:00,No,0,0,0,0,01:19.40,6,0.0,36,13,45,0,0,0,8,garmin,0
2020-05-01 07:34:21,Yoga,2020-05-01 07:34:21,False,Yoga,0.00,58,00:26:26,74,93,0.0,0,0,0 days 00:00:00,0 days 00:00:00,0,0,0.0,0.0,0.0,0,0,0,0,0,0.0,0,0,0,0.0,0.0,0,0,0,0,1,26:26,0,0:00,84.2,0,0:00,No,0,0,0,0,00:00.00,1,0.0,19,12,24,14,0,14,8,garmin,0
2020-04-30 19:17:37,Virtual Cycling,2020-04-30 19:17:37,False,Zwift - NYC,3.06,80,00:11:04,122,150,0.0,0,0,16.6,34.7,171,0,0.0,0.0,0.0,0,0,78,95,141,0.0,0,125,337,0.0,0.0,0,0,0,0,0,11:04,0,0:00,0.0,0,0:00,No,0,0,0,0,00:00.00,1,0.0,0,0,0,0,0,0,8,garmin,0
2020-04-30 16:28:32,Virtual Cycling,2020-04-30 16:28:32,False,Zwift - Richmond,7.11,183,00:20:16,132,175,0.0,0,0,21.0,38.6,46,0,0.0,0.0,0.0,0,0,87,102,208,0.0,158,156,666,0.0,0.0,0,0,0,0,0,20:16,0,0:00,0.0,0,0:00,No,0,0,0,0,00:00.00,1,0.0,0,0,0,0,0,0,8,garmin,0
2020-04-29 16:28:33,Running,2020-04-29 16:28:33,False,Denver Running,3.18,416,00:33:40,156,167,3.2,141,149,0 days 00:10:35,0 days 00:09:02,49,30,1.07,11.9,12.9,318,50.0% L / 50.0% R,0,0,0,0.0,0,0,0,0.0,0.0,0,0,0,0,0,33:40,0,0:00,82.4,0,0:00,No,0,0,0,0,01:56.23,4,0.0,33,19,42,0,0,0,8,garmin,0
2020-04-26 16:29:28,Running,2020-04-26 16:29:28,False,Denver Running,3.42,438,00:36:03,152,169,3.3,143,185,0 days 00:10:32,0 days 00:08:44,167,184,1.07,11.6,12.6,322,49.9% L / 50.1% R,0,0,0,0.0,0,0,0,0.0,0.0,0,0,0,0,0,36:03,0,0:00,71.6,0,0:00,No,0,0,0,0,05:19.12,4,0.0,31,13,39,0,0,0,8,garmin,0
2020-04-26 15:10:27,Virtual Cycling,2020-04-26 15:10:27,False,Zwift - London,18.78,526,01:00:09,135,158,0.0,0,0,18.7,26.8,223,0,0.0,0.0,0.0,0,0,84,97,161,0.0,175,152,348,0.0,0.0,0,0,0,0,0,1:00:09,0,0:00,0.0,0,0:00,No,0,0,0,0,00:00.00,1,0.0,0,0,0,0,0,0,8,garmin,0
2020-04-24 13:06:42,Running,2020-04-24 13:06:42,False,Denver Running,3.12,432,00:32:48,162,172,3.4,145,155,0 days 00:10:31,0 days 00:09:25,52,49,1.06,12.0,12.9,321,49.9% L / 50.1% R,0,0,0,0.0,0,0,0,0.0,0.0,0,0,0,0,0,32:48,0,0:00,68.0,0,0:00,No,0,0,0,0,01:31.53,4,0.0,35,14,42,0,0,0,8,garmin,0
2020-04-24 10:11:11,Virtual Cycling,2020-04-24 10:11:11,False,Zwift - Watopia,43.72,"1,339",02:30:52,150,187,0.0,0,0,17.4,39.3,"2,343",0,0.0,0.0,0.0,0,0,84,105,176,0.0,196,154,738,0.0,0.0,0,0,0,0,0,2:30:52,0,0:00,0.0,0,0:00,No,0,0,0,0,00:00.00,1,0.0,0,0,0,0,0,0,8,garmin,0
2020-04-22 16:43:50,Running,2020-04-22 16:43:50,False,Denver Running,2.95,362,00:27:39,155,174,3.3,146,160,0 days 00:09:23,0 days 00:08:16,13,20,1.18,11.0,13.3,308,50.3% L / 49.7% R,0,0,0,0.0,0,0,0,0.0,0.0,0,0,0,0,0,27:39,0,0:00,78.8,0,0:00,No,0,0,0,0,08:58.87,3,0.0,33,17,39,0,0,0,8,garmin,0
2020-04-21 18:12:42,Virtual Cycling,2020-04-21 18:12:42,False,Zwift - London,20.55,660,01:17:14,139,171,0.0,0,0,16.0,48.6,951,0,0.0,0.0,0.0,0,0,86,105,170,0.0,178,149,658,0.0,0.0,0,0,0,0,0,1:17:14,0,0:00,0.0,0,0:00,No,0,0,0,0,00:00.00,1,0.0,0,0,0,0,0,0,8,garmin,0
2020-04-19 11:00:31,Running,2020-04-19 11:00:31,False,Denver Running,4.88,676,00:47:20,169,178,4.7,146,194,0 days 00:09:42,0 days 00:07:54,39,49,1.14,11.1,12.9,277,49.6% L / 50.4% R,0,0,0,0.0,0,0,0,0.0,0.0,0,0,0,0,0,47:20,0,0:00,68.0,0,0:00,No,0,0,0,0,00:01.11,7,0.0,39,20,51,0,0,0,8,garmin,0
2020-04-19 09:08:41,Virtual Cycling,2020-04-19 09:08:41,False,Zwift - Watopia,20.67,862,01:30:49,132,181,0.0,0,0,13.7,55.2,"2,254",0,0.0,0.0,0.0,0,0,86,113,190,0.0,206,165,652,0.0,0.0,0,0,0,0,0,1:30:49,0,0:00,0.0,0,0:00,No,0,0,0,0,00:00.00,1,0.0,0,0,0,0,0,0,8,garmin,0
2020-04-17 17:37:07,Running,2020-04-17 17:37:07,False,Denver - Run Workout,3.41,471,00:40:13,144,161,3.1,127,154,0 days 00:11:48,0 days 00:09:22,46,36,1.08,0.0,0.0,0,0,0,0,0,0.0,0,0,0,0.0,0.0,0,0,0,0,0,40:13,0,0:00,69.8,0,0:00,No,0,0,0,0,00:13.40,6,0.0,19,19,19,0,0,0,8,garmin,0
2020-04-17 16:53:58,Virtual Cycling,2020-04-17 16:53:58,False,Zwift - Innsbruck,4.45,230,00:30:57,0,0,0.0,0,0,8.6,25.9,669,0,0.0,0.0,0.0,0,0,84,104,138,0.0,131,129,339,0.0,0.0,0,0,0,0,0,30:57,0,0:00,0.0,0,0:00,No,0,0,0,0,00:00.00,1,0.0,0,0,0,0,0,0,8,garmin,0
2020-04-16 18:29:58,Indoor Cycling,2020-04-16 18:29:58,False,Indoor Cycling,11.42,380,00:45:46,126,153,2.3,0,0,15.0,28.8,0,0,0.0,0.0,0.0,0,0,0,0,151,27.0,147,142,452,0.0,0.0,0,0,0,0,0,45:46,0,0:00,84.2,0,0:00,No,0,0,0,0,05:53.60,3,0.0,30,13,37,0,0,0,8,garmin,0
2020-04-15 16:37:55,Running,2020-04-15 16:37:55,False,Denver Running,3.12,435,00:30:06,170,187,3.9,145,194,0 days 00:09:39,0 days 00:08:14,43,43,1.15,11.4,13.4,308,50.0% L / 50.0% R,0,0,0,0.0,0,0,0,0.0,0.0,0,0,0,0,0,30:06,0,0:00,68.0,0,0:00,No,0,0,0,0,01:19.56,4,0.0,38,28,45,0,0,0,8,garmin,0
2020-04-15 16:17:40,Indoor Cycling,2020-04-15 16:17:40,False,Indoor Cycling,4.36,172,00:17:34,147,169,2.5,0,0,14.9,17.8,0,0,0.0,0.0,0.0,0,0,0,0,173,14.2,0,163,254,0.0,0.0,0,0,0,0,0,17:34,0,0:00,80.6,0,0:00,No,0,0,0,0,00:00.00,1,0.0,34,19,40,0,0,0,8,garmin,0
2020-04-14 18:39:38,Indoor Cycling,2020-04-14 18:39:38,False,Indoor Cycling,4.73,238,00:30:02,137,166,2.3,0,0,9.4,22.7,0,0,0.0,0.0,0.0,0,0,0,0,131,10.0,111,111,223,0.0,0.0,0,0,0,0,0,30:02,0,0:00,75.2,0,0:00,No,0,0,0,0,00:00.00,1,0.0,29,14,38,0,0,0,8,garmin,0
2020-04-11 12:14:20,Running,2020-04-11 12:14:20,False,Denver Running,3.11,407,00:33:26,147,161,3.1,141,151,0 days 00:10:45,0 days 00:09:18,33,30,1.06,11.9,12.8,325,50.7% L / 49.3% R,0,0,0,0.0,0,0,0,0.0,0.0,0,0,0,0,0,33:26,0,0:00,82.4,0,0:00,No,0,0,0,0,01:18.02,4,0.0,31,19,38,0,0,0,8,garmin,0
2020-04-10 13:12:51,Cycling,2020-04-10 13:12:51,False,Denver Cycling,35.21,"1,864",02:41:00,155,180,5.0,0,0,13.1,34.3,"2,516","2,523",0.0,0.0,0.0,0,0,0,0,0,0.0,0,0,0,0.0,0.0,0,0,0,0,0,2:41:00,0,0:00,75.2,0,0:00,No,0,0,0,0,00:54.65,8,0.0,34,13,44,0,0,0,8,garmin,0
2020-04-09 19:02:59,Running,2020-04-09 19:02:59,False,Denver - Run Workout,3.11,378,00:33:24,143,157,2.9,139,256,0 days 00:10:43,0 days 00:09:20,10,16,1.06,12.2,13.1,322,49.8% L / 50.2% R,0,0,0,0.0,0,0,0,0.0,0.0,0,0,0,0,0,33:24,0,0:00,68.0,0,0:00,No,0,0,0,0,05:00.00,4,0.0,30,16,36,0,0,0,8,garmin,0
2020-04-07 17:40:11,Running,2020-04-07 17:40:11,False,Denver - Run Workout,4.18,542,00:40:18,160,180,4.0,145,158,0 days 00:09:38,0 days 00:04:50,36,43,1.16,11.5,13.5,308,50.2% L / 49.8% R,0,0,0,0.0,0,0,0,0.0,0.0,0,0,0,0,0,40:18,0,0:00,82.4,0,0:00,No,0,0,0,0,00:18.31,8,0.0,35,17,44,0,0,0,8,garmin,0
2020-04-05 12:14:44,Running,2020-04-05 12:14:44,False,Denver Running,3.15,416,00:30:24,162,178,3.7,144,181,0 days 00:09:39,0 days 00:08:39,33,30,1.16,11.6,13.7,307,50.0% L / 50.0% R,0,0,0,0.0,0,0,0,0.0,0.0,0,0,0,0,0,30:24,0,0:00,80.6,0,0:00,No,0,0,0,0,01:26.55,4,0.0,36,18,44,0,0,0,8,garmin,0
2020-04-04 15:34:14,Cycling,2020-04-04 15:34:14,False,Denver Cycling,23.36,"1,018",01:37:34,148,184,4.2,0,0,14.4,29.5,860,820,0.0,0.0,0.0,0,0,0,0,0,0.0,0,0,0,0.0,0.0,0,0,0,0,0,1:37:34,0,0:00,68.0,0,0:00,No,0,0,0,0,15:15.44,5,0.0,32,15,43,0,0,0,8,garmin,0
2020-04-03 17:37:14,Running,2020-04-03 17:37:14,False,Denver Running,3.08,380,00:30:28,151,167,3.4,146,159,0 days 00:09:54,0 days 00:08:44,46,23,1.11,11.4,13.0,313,50.0% L / 50.0% R,0,0,0,0.0,0,0,0,0.0,0.0,0,0,0,0,0,30:28,0,0:00,51.8,0,0:00,No,0,0,0,0,00:49.50,4,0.0,34,14,43,0,0,0,8,garmin,0
2020-03-31 17:32:44,Running,2020-03-31 17:32:44,False,Denver Running,2.68,351,00:30:28,143,158,2.9,141,249,0 days 00:11:21,0 days 00:09:02,16,10,0.97,12.6,12.1,324,50.8% L / 49.2% R,0,0,0,0.0,0,0,0,0.0,0.0,0,0,0,0,0,30:28,0,0:00,80.6,0,0:00,No,0,0,0,0,08:36.97,3,0.0,31,22,40,0,0,0,8,garmin,0
2020-03-25 17:36:26,Running,2020-03-25 17:36:26,False,Denver - Run Workout,3.56,453,00:40:43,140,157,2.9,139,248,0 days 00:11:27,0 days 00:09:29,20,33,1.02,11.9,12.3,326,50.9% L / 49.1% R,0,0,0,0.0,0,0,0,0.0,0.0,0,0,0,0,0,40:43,0,0:00,78.8,0,0:00,No,0,0,0,0,00:43.31,5,0.0,31,19,38,0,0,0,8,garmin,0
2020-03-24 17:34:11,Running,2020-03-24 17:34:11,False,Denver - Run Workout,1.79,201,00:20:04,124,139,2.1,141,150,0 days 00:11:11,0 days 00:10:18,13,3,1.02,12.6,13.0,324,50.3% L / 49.7% R,0,0,0,0.0,0,0,0,0.0,0.0,0,0,0,0,0,20:04,0,0:00,75.2,0,0:00,No,0,0,0,0,02:03.63,5,0.0,27,16,36,0,0,0,8,garmin,0
2020-03-22 09:30:30,Running,2020-03-22 09:30:30,False,Denver - Run Workout,5.83,723,01:05:51,145,166,3.4,140,202,0 days 00:11:18,0 days 00:09:06,164,269,1.01,11.9,12.0,324,50.1% L / 49.9% R,0,0,0,0.0,0,0,0,0.0,0.0,0,0,0,0,0,1:05:51,0,0:00,62.6,0,0:00,No,0,0,0,0,10:14.76,6,0.0,31,17,39,0,0,0,8,garmin,0
2020-03-21 11:51:45,Running,2020-03-21 11:51:45,False,Denver Running,3.20,417,00:35:02,144,159,2.9,143,164,0 days 00:10:56,0 days 00:09:25,72,49,1.03,12.7,13.3,318,49.9% L / 50.1% R,0,0,0,0.0,0,0,0,0.0,0.0,0,0,0,0,0,35:02,0,0:00,68.0,0,0:00,No,0,0,0,0,02:04.92,4,0.0,34,23,45,0,0,0,8,garmin,0
2020-03-20 18:08:58,Running,2020-03-20 18:08:58,False,Denver Running,3.05,332,00:25:59,160,178,3.4,148,173,0 days 00:08:31,0 days 00:07:20,46,26,1.27,10.1,13.2,298,50.6% L / 49.4% R,0,0,0,0.0,0,0,0,0.0,0.0,0,0,0,0,0,25:59,0,0:00,57.2,0,0:00,No,0,0,0,0,00:27.88,4,0.0,34,18,41,0,0,0,8,garmin,0
2020-03-18 17:17:12,Running,2020-03-18 17:17:12,False,Denver - Run Workout,3.88,525,00:40:23,151,168,3.3,142,157,0 days 00:10:24,0 days 00:02:01,59,75,1.08,11.8,13.0,317,50.4% L / 49.6% R,0,0,0,0.0,0,0,0,0.0,0.0,0,0,0,0,0,40:23,0,0:00,69.8,0,0:00,No,0,0,0,0,00:22.56,5,0.0,33,22,41,0,0,0,8,garmin,0
2020-03-17 19:01:11,Running,2020-03-17 19:01:11,False,Denver - Run Workout,3.77,483,00:38:27,147,164,3.2,142,187,0 days 00:10:11,0 days 00:08:39,36,33,1.11,11.6,13.1,317,50.7% L / 49.3% R,0,0,0,0.0,0,0,0,0.0,0.0,0,0,0,0,0,38:27,0,0:00,69.8,0,0:00,No,0,0,0,0,00:26.66,7,0.0,32,17,38,0,0,0,8,garmin,0
2020-03-15 14:20:25,Running,2020-03-15 14:20:25,False,Denver - Run Workout,9.01,"1,244",01:41:02,154,168,3.9,142,256,0 days 00:11:13,0 days 00:07:21,279,243,1.02,12.2,12.6,319,50.0% L / 50.0% R,0,0,0,0.0,0,0,0,0.0,0.0,0,0,0,0,0,1:41:02,0,0:00,71.6,0,0:00,No,0,0,0,0,00:12.50,11,0.0,34,17,43,0,0,0,8,garmin,0
2020-03-14 17:55:07,Running,2020-03-14 17:55:07,False,Denver Running,3.15,325,00:27:14,151,175,3.1,147,165,0 days 00:08:39,0 days 00:07:39,46,43,1.26,10.7,13.7,297,50.2% L / 49.8% R,0,0,0,0.0,0,0,0,0.0,0.0,0,0,0,0,0,27:14,0,0:00,53.6,0,0:00,No,0,0,0,0,01:21.25,4,0.0,31,16,41,0,0,0,8,garmin,0
2020-03-08 13:00:47,Running,2020-03-08 13:00:47,False,Denver - Run Workout,5.41,782,00:57:40,163,175,3.9,140,166,0 days 00:10:39,0 days 00:08:02,171,167,1.1,11.2,12.4,320,49.9% L / 50.1% R,0,0,0,0.0,0,0,0,0.0,0.0,0,0,0,0,0,57:40,0,0:00,77.0,0,0:00,No,0,0,0,0,04:53.76,6,0.0,34,16,43,0,0,0,8,garmin,0
2020-03-06 13:02:50,Running,2020-03-06 13:02:50,False,Denver - Run Workout,3.44,505,00:38:14,157,187,3.4,136,256,0 days 00:11:07,0 days 00:02:54,361,338,1.07,10.8,11.2,327,51.0% L / 49.0% R,0,0,0,0.0,0,0,0,0.0,0.0,0,0,0,0,0,38:14,0,0:00,77.0,0,0:00,No,0,0,0,0,01:00.00,19,0.0,32,18,42,0,0,0,8,garmin,0
2020-03-05 11:45:47,Running,2020-03-05 11:45:47,False,Denver Running,4.71,575,00:43:43,152,169,3.6,146,160,0 days 00:09:17,0 days 00:08:06,95,79,1.19,10.8,13.2,311,49.9% L / 50.1% R,0,0,0,0.0,0,0,0,0.0,0.0,0,0,0,0,0,43:43,0,0:00,62.6,0,0:00,No,0,0,0,0,06:38.12,5,0.0,33,16,39,0,0,0,8,garmin,0
2020-03-03 11:49:30,Running,2020-03-03 11:49:30,False,Denver Running,4.82,624,00:44:17,165,181,4.0,149,165,0 days 00:09:12,0 days 00:07:22,105,131,1.17,11.0,12.9,303,50.1% L / 49.9% R,0,0,0,0.0,0,0,0,0.0,0.0,0,0,0,0,0,44:17,0,0:00,71.6,0,0:00,No,0,0,0,0,07:52.83,5,0.0,36,18,43,0,0,0,8,garmin,0
2020-03-01 10:56:54,Running,2020-03-01 10:56:54,False,Denver - Run Workout,10.50,"1,443",01:52:45,153,179,4.2,141,256,0 days 00:10:45,0 days 00:06:36,348,315,1.07,11.7,12.7,317,50.3% L / 49.7% R,0,0,0,0.0,0,0,0,0.0,0.0,0,0,0,0,0,1:52:45,0,0:00,55.4,0,0:00,No,0,0,0,0,04:24.38,12,0.0,34,19,43,0,0,0,8,garmin,0
2020-02-29 12:16:01,Running,2020-02-29 12:16:01,False,Denver - Run Workout,3.40,440,00:34:07,147,170,3.1,146,256,0 days 00:10:03,0 days 00:07:41,39,16,1.13,10.8,12.3,304,50.5% L / 49.5% R,0,0,0,0.0,0,0,0,0.0,0.0,0,0,0,0,0,34:07,0,0:00,62.6,0,0:00,No,0,0,0,0,04:26.71,4,0.0,34,19,41,0,0,0,8,garmin,0
2020-02-27 11:46:38,Running,2020-02-27 11:46:38,False,Denver - Run Workout,3.32,433,00:33:54,148,162,3.0,145,157,0 days 00:10:13,0 days 00:08:54,89,72,1.04,11.6,12.2,313,50.0% L / 50.0% R,0,0,0,0.0,0,0,0,0.0,0.0,0,0,0,0,0,33:54,0,0:00,66.2,0,0:00,No,0,0,0,0,03:53.95,5,0.0,34,20,41,0,0,0,8,garmin,0
2020-02-26 16:12:10,Running,2020-02-26 16:12:10,False,Denver - Run Workout,3.72,493,00:38:23,148,161,3.0,143,159,0 days 00:10:19,0 days 00:08:11,66,59,1.1,11.9,12.9,321,49.8% L / 50.2% R,0,0,0,0.0,0,0,0,0.0,0.0,0,0,0,0,0,38:23,0,0:00,66.2,0,0:00,No,0,0,0,0,03:23.46,5,0.0,33,23,39,0,0,0,8,garmin,0
2020-02-25 17:57:04,Running,2020-02-25 17:57:04,False,Denver - Run Workout,5.79,732,00:55:20,149,169,3.6,144,158,0 days 00:09:33,0 days 00:07:51,39,49,1.18,10.6,12.6,312,50.1% L / 49.9% R,0,0,0,0.0,0,0,0,0.0,0.0,0,0,0,0,0,55:20,0,0:00,46.4,0,0:00,No,0,0,0,0,03:09.19,8,0.0,34,20,43,0,0,0,8,garmin,0
2020-02-23 14:02:22,Running,2020-02-23 14:02:22,False,Denver - Run Workout,6.51,875,01:10:02,148,171,3.6,141,219,0 days 00:10:46,0 days 00:07:40,164,154,1.07,11.2,12.2,320,49.9% L / 50.1% R,0,0,0,0.0,0,0,0,0.0,0.0,0,0,0,0,0,1:10:02,0,0:00,66.2,0,0:00,No,0,0,0,0,00:07.83,8,0.0,32,19,42,0,0,0,8,garmin,0
2020-02-21 12:18:03,Running,2020-02-21 12:18:03,False,Denver - Run Workout,4.01,566,00:43:48,152,182,3.4,137,196,0 days 00:10:56,0 days 00:04:59,194,177,1.07,10.7,11.4,321,49.9% L / 50.1% R,0,0,0,0.0,0,0,0,0.0,0.0,0,0,0,0,0,43:48,0,0:00,73.4,0,0:00,No,0,0,0,0,00:30.00,17,0.0,33,19,45,0,0,0,8,garmin,0
2020-02-20 11:41:04,Treadmill Running,2020-02-20 11:41:04,False,Treadmill Running,2.69,353,00:25:29,150,162,3.1,145,213,0 days 00:09:28,0 days 00:07:40,0,0,1.34,10.0,13.8,300,50.1% L / 49.9% R,0,0,0,0.0,0,0,0,0.0,0.0,0,0,0,0,0,25:29,0,0:00,60.8,0,0:00,No,0,0,0,0,00:40.89,4,0.0,34,21,40,0,0,0,8,garmin,0
2020-02-20 11:29:39,Running,2020-02-20 11:29:39,False,Denver - Run Workout,1.11,124,00:10:00,139,159,2.0,147,162,0 days 00:08:59,0 days 00:07:51,43,26,1.17,11.8,13.7,305,50.6% L / 49.4% R,0,0,0,0.0,0,0,0,0.0,0.0,0,0,0,0,0,10:00,0,0:00,60.8,0,0:00,No,0,0,0,0,05:00.00,2,0.0,31,18,35,0,0,0,8,garmin,0
2020-02-16 16:03:00,Running,2020-02-16 16:03:00,False,Denver - Run Workout,9.14,"1,174",01:40:07,144,168,3.6,142,256,0 days 00:10:57,0 days 00:05:29,249,272,1.04,11.9,12.5,324,49.7% L / 50.3% R,0,0,0,0.0,0,0,0,0.0,0.0,0,0,0,0,0,1:40:07,0,0:00,60.8,0,0:00,No,0,0,0,0,01:31.13,11,0.0,31,17,40,0,0,0,8,garmin,0
2020-02-15 17:10:30,Running,2020-02-15 17:10:30,False,Denver - Run Workout,3.05,392,00:31:08,144,161,2.9,146,202,0 days 00:10:13,0 days 00:08:35,23,33,1.1,10.9,12.0,309,51.0% L / 49.0% R,0,0,0,0.0,0,0,0,0.0,0.0,0,0,0,0,0,31:08,0,0:00,59.0,0,0:00,No,0,0,0,0,00:39.97,4,0.0,31,21,39,0,0,0,8,garmin,0
2020-02-14 17:29:27,Running,2020-02-14 17:29:27,False,Denver Running,3.01,383,00:27:18,158,177,3.4,147,181,0 days 00:09:04,0 days 00:06:53,3,39,1.23,10.5,12.9,298,50.3% L / 49.8% R,0,0,0,0.0,0,0,0,0.0,0.0,0,0,0,0,0,27:18,0,0:00,68.0,0,0:00,No,0,0,0,0,00:10.15,4,0.0,35,18,46,0,0,0,8,garmin,0
2020-02-12 16:15:45,Running,2020-02-12 16:15:45,False,Denver Running,4.00,471,00:39:24,145,172,3.1,146,161,0 days 00:09:51,0 days 00:08:33,82,82,1.12,11.6,13.2,312,50.2% L / 49.8% R,0,0,0,0.0,0,0,0,0.0,0.0,0,0,0,0,0,39:24,0,0:00,57.2,0,0:00,No,0,0,0,0,09:19.51,4,0.0,31,17,42,0,0,0,8,garmin,0
2020-02-11 19:19:45,Treadmill Running,2020-02-11 19:19:45,False,Treadmill Running,2.61,345,00:25:20,150,168,3.1,142,146,0 days 00:09:42,0 days 00:08:39,0,0,1.18,12.0,14.3,312,49.9% L / 50.1% R,0,0,0,0.0,0,0,0,0.0,0.0,0,0,0,0,0,25:20,0,0:00,80.6,0,0:00,No,0,0,0,0,05:43.02,3,0.0,35,18,41,0,0,0,8,garmin,0
2020-02-09 12:41:12,Treadmill Running,2020-02-09 12:41:12,False,Run Workout,8.02,942,01:17:36,143,157,3.4,145,256,0 days 00:09:41,0 days 00:09:35,0,0,1.05,12.9,13.8,309,50.2% L / 49.8% R,0,0,0,0.0,0,0,0,0.0,0.0,0,0,0,0,0,1:17:36,0,0:00,75.2,0,0:00,No,0,0,0,0,02:42.20,8,0.0,32,19,42,0,0,0,8,garmin,0
2020-02-08 16:08:22,Running,2020-02-08 16:08:22,False,Denver - Run Workout,3.10,398,00:29:40,153,177,3.1,147,196,0 days 00:09:34,0 days 00:08:02,20,23,1.15,11.5,13.4,303,50.0% L / 50.0% R,0,0,0,0.0,0,0,0,0.0,0.0,0,0,0,0,0,29:40,0,0:00,69.8,0,0:00,No,0,0,0,0,01:05.60,4,0.0,33,19,40,0,0,0,8,garmin,0
2020-02-07 19:14:39,Running,2020-02-07 19:14:39,False,Lakewood Running,1.05,154,00:11:30,145,154,2.2,142,160,0 days 00:10:57,0 days 00:11:53,3,3,0.25,58.4,12.7,319,49.9% L / 50.1% R,0,0,0,0.0,0,0,0,0.0,0.0,0,0,0,0,0,11:30,0,0:00,77.0,0,0:00,No,0,0,0,0,00:00.00,1,0.0,35,26,40,0,0,0,8,garmin,0
2020-02-07 18:53:01,Indoor Cycling,2020-02-07 18:53:01,False,Indoor Cycling,5.00,245,00:20:26,139,174,2.6,0,0,14.7,0 days 00:00:00,0,0,0.0,0.0,0.0,0,0,0,0,0,0.0,0,0,0,0.0,0.0,0,0,0,0,0,20:26,0,0:00,80.6,0,0:00,No,0,0,0,0,00:00.00,1,0.0,31,15,40,0,0,0,8,garmin,0
2020-02-06 15:58:58,Running,2020-02-06 15:58:58,False,Denver - Run Workout,2.90,346,00:26:58,150,164,3.0,148,191,0 days 00:09:18,0 days 00:08:26,43,59,1.17,10.8,12.9,303,50.2% L / 49.8% R,0,0,0,0.0,0,0,0,0.0,0.0,0,0,0,0,0,26:58,0,0:00,64.4,0,0:00,No,0,0,0,0,01:58.01,5,0.0,32,21,37,0,0,0,8,garmin,0
2020-02-05 15:25:25,Running,2020-02-05 15:25:25,False,Denver - Run Workout,4.13,566,00:40:55,157,173,3.6,146,198,0 days 00:09:54,0 days 00:07:22,92,82,1.15,11.3,13.3,308,50.0% L / 50.0% R,0,0,0,0.0,0,0,0,0.0,0.0,0,0,0,0,0,40:55,0,0:00,50.0,0,0:00,No,0,0,0,0,05:00.00,6,0.0,33,24,42,0,0,0,8,garmin,0
2020-02-04 17:55:04,Running,2020-02-04 17:55:04,False,Run Workout,3.46,492,00:35:10,153,176,3.6,146,176,0 days 00:10:10,0 days 00:08:09,3,10,1.1,12.2,13.6,304,50.4% L / 49.6% R,0,0,0,0.0,0,0,0,0.0,0.0,0,0,0,0,0,35:10,0,0:00,78.8,0,0:00,No,0,0,0,0,05:00.00,5,0.0,36,24,41,0,0,0,8,garmin,0
2020-02-04 17:39:21,Indoor Cycling,2020-02-04 17:39:21,False,Indoor Cycling,0.00,140,00:15:05,120,151,1.5,0,0,0 days 00:00:00,0 days 00:00:00,0,0,0.0,0.0,0.0,0,0,0,0,0,0.0,0,0,0,0.0,0.0,0,0,0,0,0,15:05,0,0:00,82.4,0,0:00,No,0,0,0,0,00:00.00,1,0.0,26,12,38,0,0,0,8,garmin,0
2020-02-02 12:57:26,Running,2020-02-02 12:57:26,False,Denver - Run Workout,6.22,819,01:02:56,152,168,3.9,142,171,0 days 00:10:07,0 days 00:07:58,118,72,1.12,11.5,13.0,315,50.3% L / 49.7% R,0,0,0,0.0,0,0,0,0.0,0.0,0,0,0,0,0,1:02:56,0,0:00,82.4,0,0:00,No,0,0,0,0,02:13.65,8,0.0,34,19,42,0,0,0,8,garmin,0
2020-01-31 16:07:33,Running,2020-01-31 16:07:33,False,Denver Running,3.50,485,00:34:45,157,169,3.5,145,214,0 days 00:09:56,0 days 00:07:11,43,33,1.13,10.5,11.8,307,50.7% L / 49.3% R,0,0,0,0.0,0,0,0,0.0,0.0,0,0,0,0,0,34:45,0,0:00,71.6,0,0:00,No,0,0,0,0,04:52.07,4,0.0,34,15,41,0,0,0,8,garmin,0
2020-01-31 11:10:41,Resort Skiing/Snowboarding,2020-01-31 11:10:41,False,Summit County Resort Skiing/Snowboarding,9.02,180,00:38:24,92,127,0.7,0,0,14.1,41.6,0,"9,780",0.0,0.0,0.0,0,0,0,0,0,0.0,0,0,0,0.0,0.0,0,0,0,0,0,38:24,0,0:00,57.2,0,0:00,No,0,0,0,0,00:02.00,10,0.0,0,0,0,0,0,0,8,garmin,0
2020-01-30 11:50:17,Running,2020-01-30 11:50:17,False,Denver - Run Workout,3.02,396,00:30:03,152,165,3.1,145,166,0 days 00:09:57,0 days 00:08:23,52,43,1.14,11.1,12.8,311,50.2% L / 49.8% R,0,0,0,0.0,0,0,0,0.0,0.0,0,0,0,0,0,30:03,0,0:00,55.4,0,0:00,No,0,0,0,0,00:02.86,6,0.0,32,22,38,0,0,0,8,garmin,0
2020-01-29 16:08:42,Running,2020-01-29 16:08:42,False,Denver - Run Workout,3.11,368,00:29:10,150,167,3.1,149,190,0 days 00:09:23,0 days 00:07:28,82,85,1.14,11.0,12.6,302,50.1% L / 49.9% R,0,0,0,0.0,0,0,0,0.0,0.0,0,0,0,0,0,29:10,0,0:00,59.0,0,0:00,No,0,0,0,0,02:08.05,5,0.0,31,13,39,0,0,0,8,garmin,0
2020-01-28 12:14:15,Running,2020-01-28 12:14:15,False,Denver - Run Workout,3.29,445,00:32:00,156,191,3.5,141,180,0 days 00:09:43,0 days 00:07:50,75,49,1.18,11.0,13.3,308,49.9% L / 50.1% R,0,0,0,0.0,0,0,0,0.0,0.0,0,0,0,0,0,32:00,0,0:00,68.0,0,0:00,No,0,0,0,0,00:41.22,6,0.0,34,21,44,0,0,0,8,garmin,0
2020-01-26 14:58:14,Running,2020-01-26 14:58:14,False,Denver - Run Workout,6.76,930,01:12:13,152,168,3.8,143,256,0 days 00:10:41,0 days 00:08:39,210,210,1.06,11.5,12.3,317,49.7% L / 50.3% R,0,0,0,0.0,0,0,0,0.0,0.0,0,0,0,0,0,1:12:13,0,0:00,73.4,0,0:00,No,0,0,0,0,02:57.60,8,0.0,34,23,42,0,0,0,8,garmin,0
2020-01-25 13:42:38,Running,2020-01-25 13:42:38,False,Denver - Run Workout,3.09,374,00:28:24,154,174,3.3,148,162,0 days 00:09:11,0 days 00:06:52,30,26,1.11,11.6,13.0,300,49.9% L / 50.1% R,0,0,0,0.0,0,0,0,0.0,0.0,0,0,0,0,0,28:24,0,0:00,68.0,0,0:00,No,0,0,0,0,01:50.56,5,0.0,34,21,41,0,0,0,8,garmin,0
2020-01-24 17:48:26,Running,2020-01-24 17:48:26,False,Denver - Run Workout,3.11,368,00:30:02,147,181,3.1,142,172,0 days 00:09:40,0 days 00:05:54,13,7,1.16,10.3,11.9,307,50.1% L / 49.9% R,0,0,0,0.0,0,0,0,0.0,0.0,0,0,0,0,0,30:02,0,0:00,60.8,0,0:00,No,0,0,0,0,00:02.01,14,0.0,32,19,42,0,0,0,8,garmin,0
2020-01-23 18:03:26,Running,2020-01-23 18:03:26,False,Denver - Run Workout,3.09,389,00:31:02,149,164,3.2,145,156,0 days 00:10:03,0 days 00:08:29,13,7,1.1,11.0,12.3,317,50.0% L / 50.0% R,0,0,0,0.0,0,0,0,0.0,0.0,0,0,0,0,0,31:02,0,0:00,59.0,0,0:00,No,0,0,0,0,01:00.00,14,0.0,33,17,38,0,0,0,8,garmin,0
2020-01-22 16:08:18,Running,2020-01-22 16:08:18,False,Denver - Run Workout,2.96,379,00:31:01,147,159,3.0,144,161,0 days 00:10:29,0 days 00:09:06,56,56,1.07,11.8,12.9,318,50.3% L / 49.7% R,0,0,0,0.0,0,0,0,0.0,0.0,0,0,0,0,0,31:01,0,0:00,64.4,0,0:00,No,0,0,0,0,00:01.80,6,0.0,33,24,41,0,0,0,8,garmin,0
2020-01-21 12:01:56,Running,2020-01-21 12:01:56,False,Denver - Run Workout,3.41,431,00:35:20,152,177,3.2,143,203,0 days 00:10:22,0 days 00:07:25,125,92,1.09,11.9,12.9,317,50.2% L / 49.8% R,0,0,0,0.0,0,0,0,0.0,0.0,0,0,0,0,0,35:20,0,0:00,62.6,0,0:00,No,0,0,0,0,00:19.56,6,0.0,34,22,41,0,0,0,8,garmin,0
2020-01-19 15:28:36,Running,2020-01-19 15:28:36,False,Denver - Run Workout,7.07,923,01:17:27,150,176,3.9,143,198,0 days 00:10:58,0 days 00:07:41,148,164,1.03,11.8,12.2,320,49.9% L / 50.1% R,0,0,0,0.0,0,0,0,0.0,0.0,0,0,0,0,0,1:17:27,0,0:00,66.2,0,0:00,No,0,0,0,0,00:46.84,9,0.0,33,16,42,0,0,0,8,garmin,0
2020-01-18 15:59:58,Running,2020-01-18 15:59:58,False,Denver - Run Workout,3.04,361,00:29:55,152,189,3.2,144,171,0 days 00:09:50,0 days 00:06:12,13,23,1.14,10.4,11.8,307,50.2% L / 49.8% R,0,0,0,0.0,0,0,0,0.0,0.0,0,0,0,0,0,29:55,0,0:00,59.0,0,0:00,No,0,0,0,0,02:00.00,10,0.0,32,18,45,0,0,0,8,garmin,0
2020-01-17 10:09:09,Resort Skiing/Snowboarding,2020-01-17 10:09:09,False,Summit County Resort Skiing/Snowboarding,14.03,273,00:59:32,96,133,0.7,0,0,14.1,37.6,0,"17,963",0.0,0.0,0.0,0,0,0,0,0,0.0,0,0,0,0.0,0.0,0,0,0,0,0,59:32,0,0:00,55.4,0,0:00,No,0,0,0,0,01:14.00,10,0.0,0,0,0,0,0,0,8,garmin,0
2020-01-16 12:09:05,Running,2020-01-16 12:09:05,False,Denver - Run Workout,2.90,373,00:30:31,146,160,3.1,144,201,0 days 00:10:31,0 days 00:09:01,56,26,1.07,11.5,12.6,312,50.2% L / 49.8% R,0,0,0,0.0,0,0,0,0.0,0.0,0,0,0,0,0,30:31,0,0:00,59.0,0,0:00,No,0,0,0,0,00:30.87,5,0.0,32,21,37,0,0,0,8,garmin,0
2020-01-15 11:45:30,Running,2020-01-15 11:45:30,False,Denver Running,2.97,382,00:31:49,150,165,3.1,146,157,0 days 00:10:43,0 days 00:09:04,46,49,1.04,11.8,12.3,316,50.0% L / 50.0% R,0,0,0,0.0,0,0,0,0.0,0.0,0,0,0,0,0,31:49,0,0:00,59.0,0,0:00,No,0,0,0,0,10:04.48,3,0.0,34,21,40,0,0,0,8,garmin,0
2020-01-14 19:14:22,Running,2020-01-14 19:14:22,False,Denver - Run Workout,3.11,406,00:32:42,153,177,3.2,147,164,0 days 00:10:31,0 days 00:08:24,13,26,1.04,11.5,12.0,318,50.2% L / 49.8% R,0,0,0,0.0,0,0,0,0.0,0.0,0,0,0,0,0,32:42,0,0:00,59.0,0,0:00,No,0,0,0,0,02:41.55,5,0.0,34,23,41,0,0,0,8,garmin,0
2020-01-11 15:14:44,Running,2020-01-11 15:14:44,False,Denver Running,6.41,850,01:05:12,156,181,4.3,142,226,0 days 00:10:11,0 days 00:06:35,161,187,1.14,11.4,12.9,307,50.5% L / 49.5% R,0,0,0,0.0,0,0,0,0.0,0.0,0,0,0,0,0,1:05:12,0,0:00,62.6,0,0:00,No,0,0,0,0,04:12.84,7,0.0,34,16,49,0,0,0,8,garmin,0
2020-01-08 13:59:15,Running,2020-01-08 13:59:15,False,Denver Running,3.19,430,00:30:29,160,175,3.7,147,187,0 days 00:09:32,0 days 00:08:07,62,62,1.17,11.2,13.1,306,50.5% L / 49.5% R,0,0,0,0.0,0,0,0,0.0,0.0,0,0,0,0,0,30:29,0,0:00,73.4,0,0:00,No,0,0,0,0,01:51.07,4,0.0,35,22,41,0,0,0,8,garmin,0
2020-01-07 13:58:32,Running,2020-01-07 13:58:32,False,Denver - Run Workout,2.81,374,00:30:23,150,165,3.0,142,163,0 days 00:10:48,0 days 00:08:11,52,52,1.05,11.6,12.4,318,50.1% L / 49.9% R,0,0,0,0.0,0,0,0,0.0,0.0,0,0,0,0,0,30:23,0,0:00,75.2,0,0:00,No,0,0,0,0,00:23.05,5,0.0,32,23,42,0,0,0,8,garmin,0
2020-01-05 15:49:00,Running,2020-01-05 15:49:00,False,Denver Running,3.61,474,00:35:22,157,171,3.5,146,164,0 days 00:09:48,0 days 00:08:26,56,46,1.14,11.9,13.7,305,50.3% L / 49.7% R,0,0,0,0.0,0,0,0,0.0,0.0,0,0,0,0,0,35:22,0,0:00,53.6,0,0:00,No,0,0,0,0,06:14.73,4,0.0,35,17,42,0,0,0,8,garmin,0
2020-01-04 12:47:18,Resort Skiing/Snowboarding,2020-01-04 12:47:18,False,Copper Mountain Resort Skiing,8.56,288,00:48:55,114,140,2.2,0,0,10.5,35.4,0,"10,587",0.0,0.0,0.0,0,0,0,0,0,0.0,0,0,0,0.0,0.0,0,0,0,0,0,48:55,0,0:00,66.2,0,0:00,No,0,0,0,0,05:33.00,5,0.0,0,0,0,0,0,0,8,garmin,0
2020-01-02 20:33:31,Running,2020-01-02 20:33:31,False,Denver Running,3.10,384,00:28:39,152,170,3.5,143,212,0 days 00:09:15,0 days 00:07:49,30,56,1.22,0.0,0.0,0,0,0,0,0,0.0,0,0,0,0.0,0.0,0,0,0,0,0,28:39,0,0:00,57.2,0,0:00,No,0,0,0,0,01:16.94,4,0.0,0,0,0,0,0,0,8,garmin,0
2019-12-31 09:06:34,Resort Skiing/Snowboarding,2019-12-31 09:06:34,False,Winter Park Resort Skiing/Snowboarding,20.58,409,01:31:57,94,127,0.6,0,0,13.4,38.9,0,"19,800",0.0,0.0,0.0,0,0,0,0,0,0.0,0,0,0,0.0,0.0,0,0,0,0,0,1:31:57,0,0:00,48.2,0,0:00,No,0,0,0,0,02:31.00,14,0.0,0,0,0,0,0,0,8,garmin,0
2019-12-29 12:10:24,Running,2019-12-29 12:10:24,False,Denver Running,3.07,423,00:33:00,153,165,3.1,145,191,0 days 00:10:46,0 days 00:09:22,13,7,1.03,12.1,12.6,314,50.1% L / 49.9% R,0,0,0,0.0,0,0,0,0.0,0.0,0,0,0,0,0,33:00,0,0:00,66.2,0,0:00,No,0,0,0,0,00:41.08,4,0.0,34,22,42,0,0,0,8,garmin,0
2019-12-28 17:48:37,Running,2019-12-28 17:48:37,False,Denver Running,3.29,363,00:37:16,136,160,2.3,140,212,0 days 00:11:20,0 days 00:07:39,26,13,1.02,11.2,11.3,318,51.5% L / 48.5% R,0,0,0,0.0,0,0,0,0.0,0.0,0,0,0,0,0,37:16,0,0:00,50.0,0,0:00,No,0,0,0,0,03:18.44,4,0.0,28,19,38,0,0,0,8,garmin,0
2019-12-26 16:31:51,Other,2019-12-26 16:31:51,False,Track Me,36.61,251,01:19:58,80,105,0.1,0,0,27.5,39.9,56,59,0.0,0.0,0.0,0,0,0,0,0,0.0,0,0,0,0.0,0.0,0,0,0,0,0,1:19:58,0,0:00,80.6,0,0:00,No,0,0,0,0,00:00.00,1,0.0,0,0,0,0,0,0,8,garmin,0
2019-12-26 14:09:44,Other,2019-12-26 14:09:44,False,Track Me,23.54,144,00:44:24,80,93,0.1,0,0,31.8,39.0,46,36,0.0,0.0,0.0,0,0,0,0,0,0.0,0,0,0,0.0,0.0,0,0,0,0,0,44:24,0,0:00,84.2,0,0:00,No,0,0,0,0,00:00.00,1,0.0,0,0,0,0,0,0,8,garmin,0
2019-12-26 11:01:59,Hiking,2019-12-26 11:01:59,False,Hiking,1.96,503,02:04:08,89,126,0.4,27,220,0 days 00:00:00,0 days 00:04:41,259,210,0.95,0.0,0.0,0,0,0,0,0,0.0,0,0,0,0.0,0.0,0,0,0,0,0,2:04:08,0,0:00,84.2,0,0:00,No,0,0,0,0,00:00.00,1,0.0,0,0,0,0,0,0,8,garmin,0
2019-12-24 11:10:00,Diving,2019-12-24 11:10:00,False,Bottom Time drift to Tackle Box,0.00,696,00:50:00,0,0,0.0,0,0,0 days 00:00:00,0 days 00:00:00,0,0,0.0,0.0,0.0,0,0,0,0,0,0.0,0,0,0,0.0,0.0,0,0,0,0,0,50:00,59,50:00,0.0,0,0:00,No,14.0,0,0,Salt,00:00.00,1,0.0,0,0,0,0,0,0,8,garmin,0
2019-12-24 09:15:00,Diving,2019-12-24 09:15:00,False,Tuffy Canyon,0.00,585,00:42:00,0,0,0.0,0,0,0 days 00:00:00,0 days 00:00:00,0,0,0.0,0.0,0.0,0,0,0,0,0,0.0,0,0,0,0.0,0.0,0,0,0,0,0,42:00,62,42:00,0.0,0,0:00,No,12.0,0,0,Salt,00:00.00,1,0.0,0,0,0,0,0,0,8,garmin,0
2019-12-24 03:45:00,Diving,2019-12-24 03:45:00,False,Hol Chan Marine Reserve,0.00,766,00:55:00,0,0,0.0,0,0,0 days 00:00:00,0 days 00:00:00,0,0,0.0,0.0,0.0,0,0,0,0,0,0.0,0,0,0,0.0,0.0,0,0,0,0,0,55:00,30,55:00,0.0,0,0:00,No,14.0,0,0,Salt,00:00.00,1,0.0,0,0,0,0,0,0,8,garmin,0
2019-12-23 11:30:00,Diving,2019-12-23 11:30:00,False,Cert Dive 4,0.00,585,00:42:00,0,0,0.0,0,0,0 days 00:00:00,0 days 00:00:00,0,0,0.0,0.0,0.0,0,0,0,0,0,0.0,0,0,0,0.0,0.0,0,0,0,0,0,42:00,59,42:00,0.0,0,0:00,No,12.0,Light,Large Waves,Salt,00:00.00,1,0.0,0,0,0,0,0,0,8,garmin,0
2019-12-23 09:30:00,Diving,2019-12-23 09:30:00,False,Cert Dive 3,0.00,557,00:40:00,0,0,0.0,0,0,0 days 00:00:00,0 days 00:00:00,0,0,0.0,0.0,0.0,0,0,0,0,0,0.0,0,0,0,0.0,0.0,0,0,0,0,0,40:00,55,40:00,0.0,0,0:00,No,12.0,0,0,Salt,00:00.00,1,0.0,0,0,0,0,0,0,8,garmin,0
2019-12-22 14:05:00,Diving,2019-12-22 14:05:00,False,Dive 1 and 2,0.00,0,01:15:00,0,0,0.0,0,0,0 days 00:00:00,0 days 00:00:00,0,0,0.0,0.0,0.0,0,0,0,0,0,0.0,0,0,0,0.0,0.0,0,0,0,0,0,1:15:00,22,1:15:00,65.0,Air,3:00,No,0,Light,Small Waves,Salt,00:00.00,1,0.0,0,0,0,0,0,0,8,garmin,0
2019-12-22 10:31:28,Running,2019-12-22 10:31:28,False,Running,4.02,534,00:38:55,161,180,3.9,145,240,0 days 00:09:40,0 days 00:07:33,30,20,1.16,11.7,13.7,301,50.3% L / 49.8% R,0,0,0,0.0,0,0,0,0.0,0.0,0,0,0,0,0,38:55,0,0:00,86.0,0,0:00,No,0,0,0,0,00:14.66,5,0.0,36,17,43,0,0,0,8,garmin,0
2019-12-18 12:13:18,Running,2019-12-18 12:13:18,False,Denver Running,1.93,264,00:18:26,166,180,3.3,138,157,0 days 00:09:32,0 days 00:05:46,62,52,1.22,0.0,0.0,0,0,0,0,0,0.0,0,0,0,0.0,0.0,0,0,0,0,0,18:26,0,0:00,73.4,0,0:00,No,0,0,0,0,08:45.87,2,0.0,0,0,0,0,0,0,8,garmin,0
2019-12-15 15:43:17,Running,2019-12-15 15:43:17,False,Denver Running,5.57,701,01:02:03,142,154,3.1,144,233,0 days 00:11:08,0 days 00:09:20,10,20,1.01,12.3,12.5,325,49.5% L / 50.5% R,0,0,0,0.0,0,0,0,0.0,0.0,0,0,0,0,0,1:02:03,0,0:00,55.4,0,0:00,No,0,0,0,0,06:22.89,6,0.0,31,19,40,0,0,0,8,garmin,0
2019-12-14 15:01:41,Running,2019-12-14 15:01:41,False,Denver Running,5.07,679,00:52:51,153,177,3.4,142,238,0 days 00:10:26,0 days 00:08:11,194,121,1.08,11.6,12.7,314,49.9% L / 50.1% R,0,0,0,0.0,0,0,0,0.0,0.0,0,0,0,0,0,52:51,0,0:00,55.4,0,0:00,No,0,0,0,0,00:43.25,6,0.0,32,19,44,0,0,0,8,garmin,0
2019-12-14 14:26:14,Indoor Cycling,2019-12-14 14:26:14,False,Indoor Cycling,0.00,359,00:30:05,138,166,2.9,0,0,0 days 00:00:00,0 days 00:00:00,0,0,0.0,0.0,0.0,0,0,0,0,0,0.0,0,0,0,0.0,0.0,0,0,0,0,0,30:05,0,0:00,82.4,0,0:00,No,0,0,0,0,00:00.00,1,0.0,33,20,43,0,0,0,8,garmin,0
2019-12-12 18:17:01,Running,2019-12-12 18:17:01,False,Denver - Run Workout,3.10,410,00:32:19,147,165,3.0,143,195,0 days 00:10:26,0 days 00:08:52,13,10,1.09,11.0,12.0,317,50.9% L / 49.1% R,0,0,0,0.0,0,0,0,0.0,0.0,0,0,0,0,0,32:19,0,0:00,62.6,0,0:00,No,0,0,0,0,02:19.37,5,0.0,31,18,38,0,0,0,8,garmin,0
2019-12-11 18:55:00,Running,2019-12-11 18:55:00,False,Denver Running,3.11,414,00:29:49,163,185,3.8,145,192,0 days 00:09:36,0 days 00:07:59,13,10,1.17,10.5,12.3,313,50.2% L / 49.8% R,0,0,0,0.0,0,0,0,0.0,0.0,0,0,0,0,0,29:49,0,0:00,64.4,0,0:00,No,0,0,0,0,01:07.18,4,0.0,35,19,44,0,0,0,8,garmin,0
2019-12-10 18:48:59,Pool Swimming,2019-12-10 18:48:59,False,Lap Swimming,"1,025",198,00:22:51,129,150,1.9,0,0,0 days 00:02:12,0 days 00:00:53,0,0,0.0,0.0,0.0,0,0,0,0,0,0.0,0,0,0,0.0,0.0,475,45,21,0,0,22:51,0,0:00,80.6,0,0:00,No,0,0,0,0,06:48.53,3,0.0,0,0,0,0,0,0,8,garmin,0
2019-12-10 17:42:41,Running,2019-12-10 17:42:41,False,Denver Running,3.05,395,00:31:53,148,166,3.2,140,176,0 days 00:10:28,0 days 00:07:16,10,13,1.12,11.2,12.5,313,50.6% L / 49.4% R,0,0,0,0.0,0,0,0,0.0,0.0,0,0,0,0,0,31:53,0,0:00,59.0,0,0:00,No,0,0,0,0,00:47.31,4,0.0,32,16,40,0,0,0,8,garmin,0
2019-12-07 12:15:06,Running,2019-12-07 12:15:06,False,Denver Running,0.50,66,00:05:48.5,149,157,1.0,146,155,0 days 00:11:40,0 days 00:11:03,3,0,0.95,11.5,11.0,326,49.5% L / 50.5% R,0,0,0,0.0,0,0,0,0.0,0.0,0,0,0,0,0,5:48.5,0,0:00,75.2,0,0:00,No,0,0,0,0,00:00.00,1,0.0,31,26,36,0,0,0,8,garmin,0
2019-12-07 11:14:40,Running,2019-12-07 11:14:40,False,Denver Running,6.12,842,00:59:24,164,178,4.4,147,166,0 days 00:09:43,0 days 00:08:21,46,23,1.13,11.3,13.0,310,49.6% L / 50.4% R,0,0,0,0.0,0,0,0,0.0,0.0,0,0,0,0,0,59:24,0,0:00,73.4,0,0:00,No,0,0,0,0,01:09.01,7,0.0,36,23,44,0,0,0,8,garmin,0
2019-12-06 16:28:21,Pool Swimming,2019-12-06 16:28:21,False,Lap Swimming,"1,025",252,00:22:44,126,148,2.0,0,0,0 days 00:02:06,0 days 00:01:18,0,0,0.0,0.0,0.0,0,0,0,0,0,0.0,0,0,0,0.0,0.0,467,43,22,0,0,22:44,0,0:00,82.4,0,0:00,No,0,0,0,0,02:03.78,5,0.0,0,0,0,0,0,0,8,garmin,0
2019-12-06 09:38:04,Resort Skiing/Snowboarding,2019-12-06 09:38:04,False,Winter Park Resort Skiing/Snowboarding,14.81,367,00:59:16,106,135,1.0,0,0,15.0,38.8,0,"13,163",0.0,0.0,0.0,0,0,0,0,0,0.0,0,0,0,0.0,0.0,0,0,0,0,0,59:16,0,0:00,20.0,0,0:00,No,0,0,0,0,01:38.100,10,0.0,0,0,0,0,0,0,8,garmin,0
2019-12-04 18:21:08,Pool Swimming,2019-12-04 18:21:08,False,Lap Swimming,825,208,00:19:45,125,150,1.8,0,0,0 days 00:02:03,0 days 00:00:59,0,0,0.0,0.0,0.0,0,0,0,0,0,0.0,0,0,0,0.0,0.0,367,42,22,0,0,19:45,0,0:00,82.4,0,0:00,No,0,0,0,0,05:10.55,3,0.0,0,0,0,0,0,0,8,garmin,0
2019-12-04 11:57:33,Running,2019-12-04 11:57:33,False,Denver Running,2.87,341,00:27:06,157,184,3.3,143,175,0 days 00:09:26,0 days 00:06:49,62,52,1.17,10.0,11.9,306,50.2% L / 49.8% R,0,0,0,0.0,0,0,0,0.0,0.0,0,0,0,0,0,27:06,0,0:00,68.0,0,0:00,No,0,0,0,0,08:29.54,3,0.0,34,15,42,0,0,0,8,garmin,0
2019-12-04 06:27:49,Pool Swimming,2019-12-04 06:27:49,False,Lap Swimming,"1,000",239,00:25:49,112,129,0.9,0,0,0 days 00:02:29,0 days 00:01:55,0,0,0.0,0.0,0.0,0,0,0,0,0,0.0,0,0,0,0.0,0.0,485,49,20,0,0,25:49,0,0:00,78.8,0,0:00,No,0,0,0,0,10:48.43,2,0.0,0,0,0,0,0,0,8,garmin,0
2019-12-03 18:09:49,Running,2019-12-03 18:09:49,False,Denver - Run Workout,3.06,398,00:32:10,147,167,3.1,144,162,0 days 00:10:30,0 days 00:08:30,3,13,1.06,0.0,0.0,0,0,0,0,0,0.0,0,0,0,0.0,0.0,0,0,0,0,0,32:10,0,0:00,64.4,0,0:00,No,0,0,0,0,02:10.19,5,0.0,0,0,0,0,0,0,8,garmin,0
2019-12-02 19:00:00,Swimming,2019-12-02 19:00:00,False,"Swimming, treading water, moderate effort - MyFitnessPal",0,335,01:00:00,0,0,0.0,0,0,1:00:00,0 days 00:00:00,0,0,0.0,0.0,0.0,0,0,0,0,0,0.0,0,0,0,0.0,0.0,0,0,0,0,0,1:00:00,0,0:00,0.0,0,0:00,No,0,0,0,0,00:00.00,1,0.0,0,0,0,0,0,0,8,garmin,0
2019-12-02 18:23:00,Diving,2019-12-02 18:23:00,False,Scuba Practice,0.00,"1,118",01:20:00,0,0,0.0,0,0,0 days 00:00:00,0 days 00:00:00,0,0,0.0,0.0,0.0,0,0,0,0,0,0.0,0,0,0,0.0,0.0,0,0,0,0,0,1:20:00,10,1:20:00,76.0,0,40:00,No,6.0,0,0,Salt,00:00.00,1,0.0,0,0,0,0,0,0,8,garmin,0
2019-12-01 15:44:15,Running,2019-12-01 15:44:15,False,Denver - Run Workout,3.24,426,00:34:04,149,164,3.1,146,177,0 days 00:10:31,0 days 00:08:11,10,20,1.06,11.4,12.2,311,49.7% L / 50.3% R,0,0,0,0.0,0,0,0,0.0,0.0,0,0,0,0,0,34:04,0,0:00,60.8,0,0:00,No,0,0,0,0,04:04.34,5,0.0,33,21,41,0,0,0,8,garmin,0
2019-11-28 10:30:33,Treadmill Running,2019-11-28 10:30:33,False,Run Workout,3.10,362,00:26:25,155,177,3.8,148,160,0 days 00:08:31,0 days 00:06:46,0,0,1.32,9.4,12.7,292,50.7% L / 49.3% R,0,0,0,0.0,0,0,0,0.0,0.0,0,0,0,0,0,26:25,0,0:00,77.0,0,0:00,No,0,0,0,0,00:06.29,5,0.0,36,21,43,0,0,0,8,garmin,0
2019-11-26 16:30:54,Running,2019-11-26 16:30:54,False,Fort Worth - Run Workout,2.85,362,00:30:16,144,158,3.2,145,183,0 days 00:10:36,0 days 00:09:06,56,59,1.05,12.0,12.5,309,50.4% L / 49.6% R,0,0,0,0.0,0,0,0,0.0,0.0,0,0,0,0,0,30:16,0,0:00,80.6,0,0:00,No,0,0,0,0,00:15.59,5,0.0,30,21,37,0,0,0,8,garmin,0
2019-11-25 14:20:27,Running,2019-11-25 14:20:27,False,Fort Worth Running,6.26,928,01:03:59,160,174,4.4,144,157,0 days 00:10:14,0 days 00:08:27,138,131,1.09,0.0,0.0,0,0,0,0,0,0.0,0,0,0,0.0,0.0,0,0,0,0,0,1:03:59,0,0:00,82.4,0,0:00,No,0,0,0,0,02:46.94,7,0.0,0,0,0,0,0,0,8,garmin,0
