IP Address,Login Source,Login Date & Time
84.215.85.245,Web,"Jun 8, 2016, 8:03:39 PM"
193.90.120.50,Web,"Jul 6, 2015, 11:55:10 AM"
193.90.120.50,Web,"Sep 5, 2016, 7:20:17 AM"
213.52.102.63,Web,"Jan 10, 2019, 11:40:01 AM"
84.212.125.235,Web,"Jun 2, 2017, 11:15:11 AM"
80.254.154.105,Web,"Jun 11, 2019, 2:21:33 PM"
193.90.120.50,Web,"Apr 11, 2016, 12:31:36 PM"
193.90.120.50,Web,"May 9, 2016, 10:45:34 AM"
193.90.120.50,Web,"Apr 12, 2016, 10:41:23 AM"
84.212.113.35,Web,"May 21, 2017, 1:08:15 PM"
193.90.120.50,Web,"Jun 2, 2016, 9:54:53 AM"
62.7.71.85,Web,"Apr 18, 2017, 8:53:34 AM"
193.90.120.50,Web,"May 13, 2016, 1:53:16 PM"
193.90.120.50,Web,"Jul 5, 2017, 12:19:59 PM"
193.90.120.50,Web,"Aug 24, 2017, 12:32:22 PM"
62.7.71.85,Web,"Apr 19, 2017, 10:37:23 AM"
84.211.139.171,Web,"Jun 30, 2015, 8:28:05 PM"
193.90.120.50,Web,"May 4, 2016, 8:05:25 AM"
213.52.102.58,Web,"Sep 19, 2018, 7:58:30 AM"
193.90.120.50,Web,"Dec 6, 2017, 1:28:04 PM"
213.52.102.55,Web,"Jul 10, 2018, 10:04:42 AM"
185.176.244.75,Web,"Sep 22, 2018, 11:22:20 AM"
79.160.55.95,Web,"May 1, 2017, 7:00:39 PM"
213.52.102.54,Web,"Jun 4, 2018, 7:22:20 AM"
213.52.102.54,Web,"Feb 25, 2019, 1:58:14 PM"
193.90.120.50,Web,"Aug 24, 2017, 12:00:59 PM"
84.215.85.245,Web,"Mar 8, 2016, 7:47:25 PM"
84.212.125.235,Web,"Jul 29, 2017, 4:15:28 PM"
193.90.120.50,Web,"Jul 14, 2017, 7:01:37 AM"
213.52.102.54,Web,"Apr 9, 2019, 8:24:17 AM"
84.211.79.48,Web,"Aug 17, 2016, 6:03:09 PM"
165.225.64.66,Web,"Sep 29, 2017, 7:29:59 AM"
193.90.120.50,Web,"May 27, 2016, 7:08:25 AM"
84.209.128.90,Web,"Feb 12, 2017, 12:39:43 PM"
62.7.71.85,Web,"Jun 15, 2015, 10:08:47 AM"
84.211.139.171,Web,"Sep 3, 2015, 6:54:14 PM"
193.90.120.50,Web,"Sep 21, 2016, 12:16:04 PM"
84.211.79.48,Web,"Aug 18, 2016, 1:45:22 PM"
213.52.102.63,Web,"Jan 15, 2018, 1:40:05 PM"
193.90.120.50,Web,"May 12, 2016, 7:51:08 AM"
84.215.85.245,Web,"Apr 8, 2016, 8:59:01 AM"
193.90.120.50,Web,"Jun 1, 2016, 8:46:30 AM"
84.215.85.245,Web,"May 11, 2016, 7:10:37 PM"
80.254.154.105,Web,"May 2, 2019, 10:26:04 AM"
62.92.63.70,Web,"Apr 12, 2019, 7:43:20 AM"
84.212.125.235,Web,"Jul 9, 2017, 12:07:00 PM"
77.16.77.188,Web,"Jul 22, 2018, 3:12:38 PM"
165.225.64.66,Web,"Sep 29, 2017, 7:30:07 AM"
51.175.58.223,Web,"Feb 26, 2017, 5:02:27 PM"
213.52.102.56,Web,"Jan 21, 2019, 1:21:08 PM"
213.52.102.66,Web,"Jan 11, 2019, 11:52:40 AM"
84.211.79.48,Web,"Sep 16, 2016, 9:27:47 PM"
77.16.195.21,Web,"Apr 12, 2017, 11:18:22 AM"
193.90.120.50,Web,"Jan 6, 2015, 1:45:59 PM"
193.90.120.50,Web,"May 11, 2016, 8:53:59 AM"
80.203.98.222,Web,"May 6, 2018, 12:38:33 PM"
193.90.120.50,Web,"Feb 21, 2017, 12:21:12 PM"
84.212.125.235,Web,"Dec 14, 2017, 8:44:38 PM"
193.90.120.50,Web,"Sep 24, 2016, 1:34:05 PM"
193.90.120.50,Web,"Apr 1, 2016, 5:32:44 AM"
84.211.79.48,Web,"Aug 4, 2016, 3:12:04 PM"
193.90.120.50,Web,"Oct 17, 2016, 10:48:11 AM"
213.52.102.67,Web,"Jan 8, 2018, 12:08:04 PM"
193.90.120.50,Web,"May 3, 2016, 11:37:53 AM"
193.90.120.50,Web,"Apr 18, 2016, 5:52:42 AM"
2.150.7.3,Web,"May 11, 2016, 7:12:34 AM"
193.90.120.50,Web,"Sep 19, 2016, 7:05:17 AM"
213.52.102.68,Web,"Oct 26, 2018, 5:49:50 AM"
193.90.120.50,Web,"May 23, 2016, 6:32:10 AM"
193.90.120.50,Web,"Feb 15, 2016, 2:51:18 PM"
193.90.120.50,Web,"May 26, 2016, 10:42:31 AM"
193.90.120.50,Web,"Jul 21, 2016, 11:08:52 AM"
193.90.120.50,Web,"May 2, 2016, 7:31:28 AM"
84.211.176.89,Web,"Jan 27, 2016, 11:10:15 PM"
193.90.120.50,Web,"Aug 22, 2017, 6:41:39 AM"
84.209.128.90,Web,"Jan 8, 2017, 4:06:48 PM"
193.90.120.50,Web,"Jun 29, 2015, 11:08:39 AM"
193.90.120.50,Web,"Aug 12, 2016, 11:34:00 AM"
84.211.139.171,Web,"Nov 3, 2015, 7:30:35 PM"
84.209.58.89,Web,"Nov 4, 2016, 4:52:07 PM"
77.18.61.199,Web,"Jul 21, 2017, 5:03:29 AM"
165.225.80.252,Web,"Jun 14, 2017, 9:51:53 AM"
193.90.120.50,Web,"Jul 13, 2016, 1:48:49 PM"
193.90.120.50,Web,"Mar 9, 2016, 12:18:50 PM"
84.212.125.235,Web,"Jul 29, 2017, 4:02:05 PM"
213.52.102.66,Web,"Feb 8, 2019, 12:00:59 PM"
213.52.102.67,Web,"Mar 15, 2018, 4:36:14 PM"
84.215.85.245,Web,"Mar 2, 2016, 6:13:12 PM"
193.90.120.50,Web,"Nov 1, 2017, 9:02:02 AM"
193.90.120.50,Web,"Mar 31, 2016, 12:00:38 PM"
193.90.120.50,Web,"Mar 1, 2017, 8:57:17 AM"
51.174.243.5,Web,"Jul 21, 2017, 6:34:09 PM"
80.203.98.222,Web,"Apr 2, 2018, 9:43:57 PM"
213.52.102.54,Web,"Apr 12, 2019, 7:43:16 AM"
193.90.120.50,Web,"Jan 2, 2017, 10:18:05 AM"
193.90.120.50,Web,"Apr 8, 2015, 10:20:11 AM"
84.211.139.171,Web,"Sep 3, 2015, 6:54:15 PM"
193.90.120.50,Web,"May 30, 2017, 5:46:32 AM"
193.90.120.50,Web,"Jul 12, 2016, 1:18:11 PM"
84.211.139.171,Web,"Jul 10, 2015, 10:16:18 PM"
213.52.102.58,Web,"Apr 10, 2019, 8:14:33 AM"
193.90.120.50,Web,"Sep 12, 2016, 5:42:44 AM"
193.90.120.50,Web,"Sep 22, 2016, 11:36:33 AM"
193.90.120.50,Web,"Sep 20, 2016, 12:24:26 PM"
193.90.120.50,Web,"May 31, 2016, 2:13:04 PM"
51.175.58.223,Web,"Oct 31, 2016, 7:53:30 PM"
193.90.120.50,Web,"Apr 27, 2016, 5:48:08 AM"
84.209.131.176,Web,"Dec 24, 2016, 10:30:42 AM"
213.52.102.56,Web,"Jan 26, 2018, 11:31:05 AM"
193.90.120.50,Web,"Aug 23, 2017, 8:47:06 AM"
213.52.102.59,Web,"Feb 12, 2018, 11:54:44 AM"
213.52.102.58,Web,"Apr 10, 2019, 8:14:29 AM"
62.7.71.85,Web,"Apr 18, 2017, 1:01:44 PM"
193.90.120.50,Web,"May 20, 2016, 8:04:00 AM"
193.90.120.50,Web,"Feb 1, 2016, 12:30:58 PM"
193.90.120.50,Web,"Feb 15, 2017, 9:12:57 AM"
84.212.125.235,Web,"Jan 1, 2018, 10:53:31 PM"
213.52.102.55,Web,"Nov 23, 2018, 2:54:49 PM"
213.52.102.64,Web,"Apr 26, 2018, 6:15:59 AM"
193.90.120.50,Web,"Apr 20, 2016, 6:19:20 AM"
213.52.102.54,Web,"Aug 16, 2018, 1:41:33 PM"
84.212.125.235,Web,"Jul 9, 2017, 12:07:03 PM"
193.90.120.50,Web,"May 18, 2016, 7:45:48 AM"
84.209.128.90,Web,"Jan 7, 2017, 4:50:54 PM"
84.209.58.89,Web,"Oct 25, 2016, 7:46:12 AM"
62.92.63.70,Web,"Apr 9, 2019, 8:24:21 AM"
51.175.58.223,Web,"Nov 7, 2016, 7:03:49 PM"
213.52.102.62,Web,"Mar 4, 2019, 1:47:29 PM"
79.160.143.6,Web,"Jan 24, 2017, 8:43:24 AM"
51.175.58.223,Web,"Apr 5, 2017, 8:17:35 PM"
79.161.151.218,Web,"Apr 11, 2017, 9:33:36 AM"
77.16.215.67,Web,"Jul 27, 2018, 9:25:04 PM"
193.90.120.50,Web,"Feb 9, 2017, 2:50:41 PM"
193.90.120.50,Web,"Sep 23, 2016, 2:16:53 PM"
84.212.125.235,Web,"Nov 8, 2017, 6:41:24 PM"
193.90.120.50,Web,"Apr 20, 2016, 1:05:02 PM"
193.90.120.50,Web,"Dec 15, 2014, 3:20:18 PM"
84.212.125.235,Web,"Feb 13, 2018, 7:04:15 PM"
193.90.120.50,Web,"Jul 21, 2017, 7:52:53 AM"
80.254.154.105,Web,"May 2, 2019, 10:26:00 AM"
185.176.244.76,Web,"Apr 23, 2019, 3:24:01 PM"
213.52.102.62,Web,"Mar 6, 2019, 2:51:16 PM"
193.90.120.50,Web,"Mar 4, 2015, 12:47:42 PM"
193.90.120.50,Web,"Aug 16, 2016, 12:47:29 PM"
193.90.120.50,Web,"Aug 26, 2016, 10:56:44 AM"
193.90.120.50,Web,"Sep 27, 2017, 7:15:00 AM"
193.90.120.50,Web,"Jul 19, 2016, 1:13:31 PM"
193.90.120.50,Web,"Aug 24, 2016, 10:56:34 AM"
185.176.244.76,Web,"Apr 23, 2019, 3:23:56 PM"
84.215.85.245,Web,"May 25, 2016, 6:26:43 AM"
62.7.71.85,Web,"Apr 20, 2017, 9:47:32 AM"
193.90.120.50,Web,"Oct 21, 2016, 10:10:52 AM"
193.90.120.50,Web,"Apr 10, 2017, 12:45:02 PM"
193.90.120.50,Web,"Jun 1, 2017, 6:03:01 AM"
84.211.139.171,Web,"May 26, 2015, 8:36:53 AM"
193.90.120.50,Web,"Feb 13, 2017, 10:37:58 AM"
185.176.244.72,Web,"Mar 2, 2019, 8:06:52 AM"
193.90.120.50,Web,"Mar 6, 2017, 8:38:51 AM"
213.52.102.67,Web,"Jan 30, 2018, 7:13:40 AM"
193.90.120.50,Web,"Jul 18, 2016, 1:40:03 PM"
80.254.154.105,Web,"Jun 20, 2019, 11:41:58 AM"
80.254.154.105,Web,"Jul 2, 2019, 1:11:01 PM"
80.254.154.105,Web,"Jul 3, 2019, 12:48:13 PM"
80.254.154.105,Web,"Jul 5, 2019, 8:20:46 AM"
80.254.154.105,Web,"Jul 9, 2019, 11:50:26 AM"
80.254.154.105,Web,"Jul 23, 2019, 7:14:30 AM"
80.254.154.105,Web,"Jul 24, 2019, 11:53:03 AM"
80.254.154.105,Web,"Jul 25, 2019, 8:52:00 AM"
80.254.154.105,Web,"Jul 29, 2019, 6:36:19 AM"
108.171.129.188,Web,"Aug 6, 2019, 10:22:46 AM"
178.232.250.58,Web,"Oct 25, 2019, 7:36:01 PM"
80.254.154.105,Web,"Oct 29, 2019, 7:23:59 AM"
80.254.154.105,Web,"Nov 27, 2019, 10:54:30 AM"
80.254.154.105,Web,"Dec 4, 2019, 9:15:28 AM"
80.254.154.105,Web,"Dec 17, 2019, 2:31:20 PM"
80.254.154.105,Web,"Dec 20, 2019, 1:58:07 PM"
80.254.154.105,Web,"Jan 3, 2020, 10:39:03 AM"
80.254.154.105,Web,"Jan 6, 2020, 7:35:06 AM"
80.254.154.105,Web,"Jan 9, 2020, 8:28:38 AM"
80.254.154.105,Web,"Jan 14, 2020, 8:31:14 AM"
80.254.154.105,Web,"Jan 14, 2020, 10:01:14 AM"
80.254.154.105,Web,"Jan 16, 2020, 9:45:11 AM"
80.254.154.105,Web,"Jan 17, 2020, 7:39:23 AM"
80.254.154.105,Web,"Jan 20, 2020, 11:10:52 AM"
80.254.154.67,Web,"Jan 23, 2020, 7:48:49 AM"
80.254.154.105,Web,"Feb 11, 2020, 9:45:38 AM"
176.11.237.5,Web,"Feb 12, 2020, 4:20:08 PM"
80.254.154.105,Web,"Feb 13, 2020, 9:42:31 AM"
80.254.154.99,Web,"Mar 19, 2020, 12:52:35 PM"
80.254.154.99,Web,"Mar 20, 2020, 7:33:36 PM"
80.254.154.67,Web,"Mar 21, 2020, 9:17:57 AM"
185.176.244.93,Web,"Apr 18, 2020, 8:14:30 AM"
136.228.209.47,Web,"Apr 20, 2020, 9:33:12 AM"
136.228.209.44,Web,"Apr 21, 2020, 9:15:31 AM"
136.228.209.43,Web,"Apr 23, 2020, 12:21:19 PM"
136.228.209.49,Web,"Apr 24, 2020, 6:58:08 AM"
136.228.209.57,Web,"Apr 24, 2020, 9:44:08 AM"
136.228.209.46,Web,"Apr 27, 2020, 7:57:28 AM"
185.176.244.87,Web,"May 22, 2020, 2:53:56 PM"
136.228.209.51,Web,"May 27, 2020, 10:05:46 AM"
136.228.209.44,Web,"May 29, 2020, 2:13:39 PM"
136.228.209.44,Web,"Jun 2, 2020, 7:14:42 AM"
136.228.209.39,Web,"Jun 3, 2020, 10:58:13 AM"
136.228.209.48,Web,"Jun 5, 2020, 6:11:55 AM"
136.228.209.41,Web,"Jun 11, 2020, 6:07:54 AM"
136.228.209.53,Web,"Jun 23, 2020, 3:51:50 PM"
92.220.186.79,Web,"Jul 22, 2020, 10:13:37 AM"
136.228.209.48,Web,"Jul 24, 2020, 11:33:29 AM"
136.228.209.59,Web,"Aug 10, 2020, 11:35:09 AM"
136.228.209.57,Web,"Aug 11, 2020, 10:33:09 AM"
136.228.209.49,Web,"Sep 11, 2020, 12:33:15 PM"
136.228.209.57,Web,"Oct 1, 2020, 10:07:11 AM"
136.228.209.54,Web,"Oct 9, 2020, 11:34:20 AM"
136.228.209.54,Web,"Nov 16, 2020, 11:01:33 AM"
136.228.209.52,Web,"Jan 4, 2021, 12:35:58 PM"
136.228.209.56,Web,"Jan 11, 2021, 3:22:19 PM"
136.228.209.54,Web,"Jan 26, 2021, 7:36:14 AM"
