Promotion Seen,Timestamp
Feed Follow Option Coachmark,1591019779
translation missing: en-US.lib.export.portability_exporter.metering.label.CUMULATIVE_STATS_FEATURE_ED_DISMISS_BUTTON,1590087620
Grade Adjusted Pace Activity Detail Upsell,1591393677
Grade Adjusted Pace Activity Detail Upsell,1591820881
Grade Adjusted Pace Activity Detail Upsell,1591820895
Grade Adjusted Pace Activity Detail Upsell,1593590336
Grade Adjusted Pace Activity Detail Upsell,1594113067
Grade Adjusted Pace Activity Detail Upsell,1594113081
Grade Adjusted Pace Activity Detail Upsell,1594705166
Grade Adjusted Pace Activity Detail Upsell,1594705204
Grade Adjusted Pace Activity Detail Upsell,1595575856
Grade Adjusted Pace Activity Detail Upsell,1595764204
Grade Adjusted Pace Activity Detail Upsell,1595764266
Grade Adjusted Pace Activity Detail Upsell,1595933013
Grade Adjusted Pace Activity Detail Upsell,1595933028
Grade Adjusted Pace Activity Detail Upsell,1595962769
Grade Adjusted Pace Activity Detail Upsell,1595962777
Grade Adjusted Pace Activity Detail Upsell,1595964339
Grade Adjusted Pace Activity Detail Upsell,1597601043
Grade Adjusted Pace Activity Detail Upsell,1597601057
Grade Adjusted Pace Activity Detail Upsell,1599499676
Grade Adjusted Pace Activity Detail Upsell,1600713083
Grade Adjusted Pace Activity Detail Upsell,1600713171
Grade Adjusted Pace Activity Detail Upsell,1601557173
Grade Adjusted Pace Activity Detail Upsell,1602526405
Grade Adjusted Pace Activity Detail Upsell,1602526423
Grade Adjusted Pace Activity Detail Upsell,1605040075
Grade Adjusted Pace Activity Detail Upsell,1606668990
Grade Adjusted Pace Activity Detail Upsell,1606669074
Grade Adjusted Pace Activity Detail Upsell,1606669084
Grade Adjusted Pace Activity Detail Upsell,1606669108
Grade Adjusted Pace Activity Detail Upsell,1606669111
Grade Adjusted Pace Activity Detail Upsell,1606669125
Grade Adjusted Pace Activity Detail Upsell,1606669132
Grade Adjusted Pace Activity Detail Upsell,1606669149
