Activity ID,Activity Date,Activity Name,Activity Type,Activity Description,Elapsed Time,Distance,Relative Effort,Commute,Activity Gear,Filename,Athlete Weight,Bike Weight,Elapsed Time,Moving Time,Distance,Max Speed,Average Speed,Elevation Gain,Elevation Loss,Elevation Low,Elevation High,Max Grade,Average Grade,Average Positive Grade,Average Negative Grade,Max Cadence,Average Cadence,Max Heart Rate,Average Heart Rate,Max Watts,Average Watts,Calories,Max Temperature,Average Temperature,Relative Effort,Total Work,Number of Runs,Uphill Time,Downhill Time,Other Time,Perceived Exertion,translation missing: en-US.lib.export.portability_exporter.activities.horton_values.type,translation missing: en-US.lib.export.portability_exporter.activities.horton_values.start_time,Weighted Average Power,Power Count,Prefer Perceived Exertion,Perceived Relative Effort,Commute,Total Weight Lifted,From Upload,Grade Adjusted Distance,Weather Observation Time,Weather Condition,Weather Temperature,Apparent Temperature,Dewpoint,Humidity,Weather Pressure,Wind Speed,Wind Gust,Wind Bearing,Precipitation Intensity,Sunrise Time,Sunset Time,Moon Phase,Bike,Gear,Precipitation Probability,Precipitation Type,Cloud Cover,Weather Visibility,UV Index,Weather Ozone,translation missing: en-US.lib.export.portability_exporter.activities.horton_values.jump_count,translation missing: en-US.lib.export.portability_exporter.activities.horton_values.total_grit,translation missing: en-US.lib.export.portability_exporter.activities.horton_values.avg_flow,translation missing: en-US.lib.export.portability_exporter.activities.horton_values.flagged
3241983491,"Mar 31, 2020, 9:43:37 PM",Afternoon Ride,Ride,,12901,58.86,,false,,activities/3241983491.gpx,0.0,,12901.0,9396.0,58865.80078125,17.600000381469727,6.264985084533691,560.0321044921875,560.0321044921875,1609.5999755859375,1901.0,48.099998474121094,0.0,,,,,,,,,,,,,,,,,,,,,,,,,0.0,,1.0,,,,,,,,,,,,,,,,,,,,,,,,,,,
3247339467,"Apr 2, 2020, 5:10:57 PM",London Hills,Virtual Ride,Leith Hill is a beast!,3660,27.33,,false,Cervelo P2,activities/3471467409.gpx.gz,0.0,8.618249893188477,3660.0,3627.0,27336.900390625,22.799999237060547,7.537055492401123,360.6000061035156,371.0,4.0,249.39999389648438,16.0,-0.03804381564259529,,,,,,,,,,,,,,,,,,7.0,,,,,,115.0,0.0,,1.0,,,,,,,,,,,,,,,,6897014.0,,,,,,,,,,,
3264596488,"Apr 6, 2020, 9:29:35 PM",Forgot to hit start again,Ride,,906,5.92,,false,Cervelo P2,activities/3264596488.gpx,0.0,8.618249893188477,906.0,889.0,5923.7998046875,11.699999809265137,6.663442134857178,29.028657913208008,87.82869720458984,1609.5999755859375,1672.0,8.0,-0.9926061034202576,,,,,,,,,,,,,,,,,,,,,,,0.0,,0.0,,1.0,,,,,,,,,,,,,,,,6897014.0,,,,,,,,,,,
3264725151,"Apr 6, 2020, 9:34:02 PM",Afternoon Ride,Ride,,9438,60.74,,false,Cervelo P2,activities/3490144153.fit.gz,0.0,8.618249893188477,9438.0,8993.0,60745.8984375,14.899999618530273,6.754798412322998,536.0,535.0,1611.199951171875,1838.199951171875,12.800000190734863,0.001646201591938734,,,,,,,,,,,26.0,,,,,,,,,,,,,,0.0,,1.0,,,,,,,,,,,,,,,,6897014.0,,,,,,,,,,,
3269355805,"Apr 7, 2020, 10:41:29 PM",Flat tire!,Ride,,12037,48.56,,false,Cervelo P2,activities/3269355805.gpx,0.0,8.618249893188477,12037.0,8914.0,48566.19921875,21.5,5.448306083679199,312.8783874511719,313.6780090332031,1608.300048828125,1750.0999755859375,48.599998474121094,-0.00164723617490381,,,,,,,,,,,,,,,,,,,,,,,0.0,,0.0,,1.0,,,,,,,,,,,,,,,,6897014.0,,,,,,,,,,,
3273424379,"Apr 8, 2020, 10:19:55 PM",Afternoon Run,Run,"",3342,7.41,,false,,activities/3273424379.gpx,0.0,,3342.0,2654.0,7415.5,6.199999809265137,2.794084310531616,91.23616027832031,90.53620147705078,1639.199951171875,1681.699951171875,32.29999923706055,0.009439687244594097,,,,,,,,,,,,,,,,,,4.0,,,,,0.0,29.0,0.0,,1.0,7589.2001953125,,,,,,,,,,,,,,,,,,,,,,,,,,
3291501164,"Apr 12, 2020, 10:49:45 PM",Easter run with Jesus,Run,Lake Arbor x4,4384,13.69,,false,,activities/3291501164.gpx,0.0,,4384.0,4380.0,13695.2998046875,6.5,3.1267807483673096,91.84087371826172,91.14089965820312,1631.4000244140625,1681.4000244140625,10.100000381469727,0.0051112426444888115,,,,,,,,,0.0,,,,,,,,,7.0,,,,,0.0,139.0,0.0,,1.0,13802.0,,,,,,,,,,,,,,,,,,,,,,,,,,
3291512304,"Apr 12, 2020, 10:50:21 PM",Afternoon Run,Run,,4788,14.29,37,false,,activities/3518475611.tcx.gz,0.0,,4788.0,4756.0,14291.5,3.700000047683716,3.00494122505188,96.85326385498047,98.05329895019531,1631.4000244140625,1681.699951171875,29.0,-0.008396599441766739,,,,,199.0,,,,895.0,,,37.0,,,,,,,,,,,,,0.0,,1.0,14398.0,,,,,,,,,,,,,,,,,,,,,,,,,,
3309721560,"Apr 16, 2020, 11:00:43 PM",Yorkshire,Virtual Ride,,4160,18.23,69,false,Cervelo P2,activities/3537621969.fit.gz,0.0,8.618249893188477,4160.0,3642.0,18235.69921875,22.299999237060547,4.381999969482422,304.0,0.0,97.0,182.60000610351562,16.799999237060547,-0.013160997070372105,,,,0.0,165.0,139.0,,88.31234741210938,306.0,,,69.0,,,,,,,,,90.0,3999.0,,,0.0,,1.0,,,,,,,,,,,,,,,,6897014.0,,,,,,,,,,,
3382540948,"May 1, 2020, 9:20:44 PM",Afternoon Ride,Ride,Long ride with Coronavirus bar hopping at the end!,12427,46.87,,false,Cervelo P2,activities/3382540948.gpx,0.0,8.618249893188477,12427.0,7566.0,46870.8984375,15.100000381469727,6.194937705993652,156.8612060546875,193.36099243164062,1553.699951171875,1680.5999755859375,43.599998474121094,-0.07787347584962845,,,,,,,,,,,,,,,,,,6.0,,,,,0.0,199.0,0.0,,1.0,,,,,,,,,,,,,,,,6897014.0,,,,,,,,,,,
3416106844,"May 7, 2020, 10:37:09 PM",Windy!,Ride,,3706,17.43,,false,Cervelo P2,activities/3416106844.gpx,0.0,8.618249893188477,3706.0,3472.0,17435.0,11.0,5.02160120010376,126.53659057617188,126.93699645996094,1631.4000244140625,1708.800048828125,17.600000381469727,-0.0022942356299608946,,,,,,,,,,,,,,,,,,,,,,,0.0,,0.0,,1.0,,,,,,,,,,,,,,,,6897014.0,,,,,,,,,,,
3430811236,"May 10, 2020, 3:34:55 PM",Hey Mom,Run,,2727,7.71,,false,,activities/3430811236.gpx,0.0,,2727.0,2459.0,7716.2998046875,5.900000095367432,3.1379828453063965,66.80733489990234,67.40730285644531,1631.4000244140625,1680.5999755859375,11.399999618530273,-0.007775747217237949,,,,,,,,,,,,,,,,,,,,,,,0.0,,0.0,,1.0,7792.7001953125,,,,,,,,,,,,,,,,,,,,,,,,,,
3430842795,"May 10, 2020, 3:35:17 PM",Morning Run,Run,,3096,7.92,51,false,,activities/3664778771.tcx.gz,0.0,,3096.0,2795.0,7921.2001953125,3.5999999046325684,2.8340609073638916,75.98388671875,69.58390045166016,1631.4000244140625,1681.699951171875,17.600000381469727,0.08079583942890167,,,,,174.0,,,,617.0,,,51.0,,,,,,,,,,,,,0.0,,1.0,8024.60009765625,,,,,,,,,,,,,,,,,,,,,,,,,,
3444082264,"May 13, 2020, 11:39:48 AM",Morning 5k,Run,,1524,5.11,,false,,activities/3444082264.gpx,0.0,,1524.0,1521.0,5116.39990234375,5.599999904632568,3.363839626312256,19.36783790588379,62.46780014038086,1631.4000244140625,1680.5999755859375,6.699999809265137,-0.8423891663551331,,,,,,,,,,,,,,,,,,,,,,,0.0,,0.0,,1.0,5055.7001953125,,,,,,,,,,,,,,,,,,,,,,,,,,
3466459619,"May 17, 2020, 1:19:08 PM",Eh,Run,,2686,8.06,,false,,activities/3466459619.gpx,0.0,,2686.0,2544.0,8064.5,5.800000190734863,3.1700079441070557,55.3171272277832,70.61710357666016,1631.5999755859375,1680.300048828125,9.399999618530273,-0.18972037732601166,,,,,,,,,,,,,,,,,,6.0,,,,,0.0,67.0,0.0,,1.0,8099.39990234375,,,,,,,,,,,,,,,,,,,,,,,,,,
3466476610,"May 17, 2020, 1:19:32 PM",Morning Run,Run,,2811,8.30,27,false,,activities/3702227760.tcx.gz,0.0,,2811.0,2586.0,8304.7998046875,4.199999809265137,3.2114462852478027,60.83561325073242,62.63560104370117,1631.5999755859375,1673.199951171875,14.300000190734863,-0.02167421206831932,,,,,189.0,,,,507.0,,,27.0,,,,,,,,,,,,,0.0,,1.0,8376.7998046875,,,,,,,,,,,,,,,,,,,,,,,,,,
3509381434,"May 25, 2020, 1:59:08 PM",Morning Run,Run,,3162,9.75,73,false,,activities/3747548540.tcx.gz,,,3162.0,3125.0,9757.0,4.0,3.1222400665283203,106.39273071289062,88.79299926757812,1631.5999755859375,1700.0999755859375,10.5,0.18038330972194672,,,,,,151.00320434570312,,,695.0,,,73.0,,,,,,,,,,,,,0.0,,1.0,9958.2001953125,,,,,,,,,,,,,,,,,,,,,,,,,,
3519684395,"May 27, 2020, 12:07:27 PM",Hump day,Run,,1997,6.68,,false,,activities/3519684395.gpx,,,1997.0,1985.0,6684.0,6.099999904632568,3.3672544956207275,38.87031173706055,69.77030944824219,1631.5999755859375,1681.199951171875,9.0,-0.46229803562164307,,,,,,,,,,,,,,,,,,,,,,,0.0,,0.0,,1.0,6670.89990234375,,,,,,,,,,,,,,,,,,,,,,,,,,
3523108027,"May 27, 2020, 11:15:41 PM",To the brewery!!,Ride,,3543,16.17,,false,Cervelo P2,activities/3523108027.gpx,,8.618249893188477,3543.0,3153.0,16173.599609375,10.600000381469727,5.12959098815918,94.1433334350586,137.8433074951172,1607.0,1680.699951171875,6.5,-0.2701933979988098,,,,,,,,,,,,,,,,,,4.0,,,,,0.0,35.0,0.0,,1.0,,,,,,,,,,,,,,,,6897014.0,,,,,,,,,,,
3523490074,"May 28, 2020, 2:28:05 AM",Post brewery,Ride,,2662,14.59,,false,Cervelo P2,activities/3523490074.gpx,,8.618249893188477,2662.0,2616.0,14589.099609375,12.100000381469727,5.576873302459717,145.07666015625,100.47699737548828,1615.0999755859375,1681.5999755859375,8.800000190734863,0.3057076930999756,,,,,,,,,,,,,,,,,,,,,,,0.0,,0.0,,1.0,,,,,,,,,,,,,,,,6897014.0,,,,,,,,,,,
3528220683,"May 28, 2020, 10:41:48 PM",Flat land test,Run,,2560,8.39,,false,,activities/3528220683.gpx,,,2560.0,2553.0,8395.5,6.300000190734863,3.2884840965270996,0.0,0.0,1619.0,1620.5,1.600000023841858,0.0,,,,,,,,,,,,,,,,,,,,,,,0.0,,0.0,,1.0,8399.900390625,,,,,,,,,,,,,,,,,,,,,,,,,,
3528254275,"May 28, 2020, 10:42:07 PM",Afternoon Run,Run,,2763,8.66,94,false,,activities/3767378247.tcx.gz,,,2763.0,2623.0,8661.400390625,3.700000047683716,3.3020968437194824,0.0,-0.20000000298023224,1619.0,1620.5,1.600000023841858,0.0023090955801308155,,,,,,159.22683715820312,,,607.0,,,94.0,,,,,,,,,,,,,0.0,,1.0,8665.7998046875,,,,,,,,,,,,,,,,,,,,,,,,,,
3549805802,"Jun 1, 2020, 10:06:18 PM",90 degrees June 1st??!,Run,Slow 5k,1638,5.15,,false,,activities/3549805802.gpx,,,1638.0,1567.0,5151.10009765625,9.899999618530273,3.2872366905212402,19.44333267211914,59.94333267211914,1631.4000244140625,1680.5999755859375,7.400000095367432,-0.7862398028373718,,,,,,,,,,,,,,,,,,7.0,,,,,0.0,50.0,0.0,,1.0,5094.89990234375,,,,,,,,,,,,,,,,,,,,,,,,,,
3549838248,"Jun 1, 2020, 10:06:50 PM",Afternoon Run,Run,,2295,5.86,45,false,,activities/3790360778.tcx.gz,,,2295.0,2217.0,5864.7001953125,3.799999952316284,2.645331621170044,24.635343551635742,61.43534469604492,1631.4000244140625,1673.800048828125,16.100000381469727,-0.627483069896698,,,,,,147.27288818359375,,,473.0,,,45.0,,,,,,,,,,,,,0.0,,1.0,5817.7001953125,,,,,,,,,,,,,,,,,,,,,,,,,,
3552452039,"Jun 2, 2020, 12:42:08 PM",Morning Run,Run,,2717,8.06,78,false,,activities/3793123650.tcx.gz,,,2717.0,2679.0,8062.39990234375,3.5999999046325684,3.009481191635132,69.53421020507812,70.13420867919922,1631.4000244140625,1681.699951171875,9.5,-0.00744195282459259,,,,,,153.85293579101562,,,596.0,,,78.0,,,,,,,,,,,,,0.0,,1.0,8146.60009765625,,,,,,,,,,,,,,,,,,,,,,,,,,
3552453531,"Jun 2, 2020, 12:41:38 PM",Morning 5,Run,,2728,8.05,,false,,activities/3552453531.gpx,,,2728.0,2725.0,8057.2001953125,4.800000190734863,2.956770658493042,69.447509765625,77.04751586914062,1631.4000244140625,1681.699951171875,9.100000381469727,-0.09432557225227356,,,,,,,,,,,,,,,,,,6.0,,,,,0.0,71.0,0.0,,1.0,8119.89990234375,,,,,,,,,,,,,,,,,,,,,,,,,,
3555875213,"Jun 2, 2020, 11:15:25 PM",Tuesday adventure,Ride,,11176,36.55,,false,Cervelo P2,activities/3555875213.gpx,,8.618249893188477,11176.0,6531.0,36554.3984375,14.0,5.597060203552246,301.2410583496094,300.9410705566406,1607.0,1680.9000244140625,8.199999809265137,0.0008206946076825261,,,,,,,,,,,,,,,,,,6.0,,,,,0.0,172.0,0.0,,1.0,,,,,,,,,,,,,,,,6897014.0,,,,,,,,,,,
3585548899,"Jun 9, 2020, 12:25:59 AM",Teller the terrible,Run,Teller to finish sucks!,2434,8.05,,false,,activities/3585548899.gpx,,,2434.0,2425.0,8055.7998046875,4.900000095367432,3.321979284286499,75.48360443115234,75.58360290527344,1631.5999755859375,1681.5999755859375,13.899999618530273,-0.0012413416989147663,,,,,,,,,,,,,,,,,,,,,,,0.0,,0.0,,1.0,8167.7001953125,,,,,,,,,,,,,,,,,,,,,,,,,,
3590581770,"Jun 9, 2020, 10:26:41 PM",The Murph,Run,"1 mile run, 100 pullups, 200 pushups, 300 squats, 1 mile run",3017,3.81,,false,,activities/3590581770.gpx,,,3017.0,1143.0,3809.699951171875,5.099999904632568,3.333070755004883,6.714102745056152,5.714102745056152,1639.800048828125,1643.300048828125,3.799999952316284,0.026248786598443985,,,,,,,,,,,,,,,,,,9.0,,,,,0.0,57.0,0.0,,1.0,3820.10009765625,,,,,,,,,,,,,,,,,,,,,,,,,,
3595952870,"Jun 10, 2020, 9:28:05 PM",Superior-Louisville-Broomfield beer tour,Ride,Google gives terrible bike directions,19714,59.92,,false,Cervelo P2,activities/3595952870.gpx,,8.618249893188477,19714.0,10859.0,59928.3984375,11.800000190734863,5.518776893615723,482.3632507324219,482.8632507324219,1580.699951171875,1681.300048828125,14.899999618530273,-0.0008343289373442531,,,,,,,,,,,,,,,,,,,,,,,0.0,,0.0,,1.0,,,,,,,,,,,,,,,,6897014.0,,,,,,,,,,,
3604071215,"Jun 12, 2020, 5:58:03 PM",Recovery 5k,Run,"The Murph kicked my butt, still can't run",1688,5.22,,false,,activities/3604071215.gpx,,,1688.0,1680.0,5219.5,4.5,3.1068451404571533,15.427678108215332,64.32767486572266,1631.5999755859375,1680.699951171875,7.199999809265137,-0.936871349811554,,,,,,,,,,,,,,,,,,5.0,,,,,0.0,30.0,0.0,,1.0,5149.7998046875,,,,,,,,,,,,,,,,,,,,,,,,,,
3604696976,"Jun 12, 2020, 9:15:46 PM",New watch test,Ride,New watch is awesome! Later phone 👋,1333,6.89,13,false,Cervelo P2,activities/3848204247.fit.gz,,8.618249893188477,1333.0,1213.0,6891.7998046875,11.300000190734863,5.681615829467773,62.0,61.0,75.4000015258789,1712.5999755859375,11.300000190734863,-23.065092086791992,,,,,,132.7899932861328,,,219.0,,,13.0,,,,,,,,,,,0.0,,0.0,,1.0,,,,,,,,,,,,,,,,6897014.0,,,,,,,,,,,
3614981158,"Jun 14, 2020, 3:49:25 PM",10k,Run,"",3301,10.17,148,false,,activities/3859159932.fit.gz,,,3301.0,3301.0,10178.0,4.0,3.083307981491089,103.0,67.0,1601.800048828125,1673.199951171875,7.300000190734863,0.34780898690223694,,,86.0,81.75926208496094,,164.23280334472656,,,804.0,,,148.0,,,,,,,,,,,0.0,,0.0,,1.0,10163.2001953125,,,,,,,,,,,,,,,,,,,,,,,,,,
3622645386,"Jun 16, 2020, 9:48:44 AM","Peach of a run in Rome, GA",Run,"",1687,5.63,44,false,,activities/3867355305.fit.gz,,,1687.0,1684.0,5631.10009765625,4.199999809265137,3.343883514404297,24.0,23.0,190.39999389648438,199.8000030517578,12.300000190734863,0.03906874358654022,,,92.0,85.03516387939453,,150.58145141601562,,,345.0,,,44.0,,,,,,,,,,,0.0,,0.0,,1.0,5706.5,,,,,,,,,,,,,,,,,,,,,,,,,,
3631255823,"Jun 17, 2020, 9:31:00 PM",Push it!,Run,Push it real good,2869,10.06,98,false,,activities/3876546844.fit.gz,,,2869.0,2869.0,10060.400390625,4.900000095367432,3.5065877437591553,29.0,30.0,163.1999969482422,173.39999389648438,13.0,-0.0039759851060807705,,,91.0,85.0181655883789,,158.6439971923828,,,673.0,,,98.0,,,,,,,,,,,0.0,,0.0,,1.0,10120.2001953125,,,,,,,,,,,,,,,,,,,,,,,,,,
3640155794,"Jun 19, 2020, 7:58:09 PM",1st mile of The Murph,Run,"",554,1.81,7,false,,activities/3886099957.fit.gz,,,554.0,554.0,1810.800048828125,4.300000190734863,3.268592119216919,7.0,12.0,163.39999389648438,173.0,10.199999809265137,-0.25403136014938354,,,91.0,85.10746765136719,,139.36642456054688,,,117.0,,,7.0,,,,,,,,,,,0.0,,0.0,,1.0,1814.699951171875,,,,,,,,,,,,,,,,,,,,,,,,,,
3640155842,"Jun 19, 2020, 8:08:15 PM","100 pullups, 200 pushups, 300 squats",Weight Training,"",2318,0,14,false,,activities/3886099977.fit.gz,,,2318.0,2318.0,0.0,0.0,0.0,0.0,,,,0.0,0.0,,,,,,129.43960571289062,,,410.0,,,14.0,,,,,,,,,,,0.0,,0.0,,1.0,,,,,,,,,,,,,,,,,,,,,,,,,,,
3640155931,"Jun 19, 2020, 8:47:52 PM",Finishing mile of The Murph,Run,"",529,1.62,18,false,,activities/3886100038.fit.gz,,,529.0,529.0,1624.699951171875,3.799999952316284,3.0712666511535645,9.0,4.0,161.1999969482422,170.1999969482422,8.199999809265137,0.3200590908527374,,,85.0,82.67557525634766,,159.26136779785156,,,130.0,,,18.0,,,,,,,,,,,0.0,,0.0,,1.0,1650.300048828125,,,,,,,,,,,,,,,,,,,,,,,,,,
3640900571,"Jun 20, 2020, 1:14:04 AM",Night Walk,Walk,,3047,4.34,7,false,,activities/3886916841.fit.gz,,,3047.0,3047.0,4344.7998046875,2.200000047683716,1.4259271621704102,95.0,15.0,161.0,249.1999969482422,16.700000762939453,1.8642975091934204,,,63.0,57.663734436035156,,94.36306762695312,,,282.0,,,7.0,,,,,,,,,,,,,0.0,,1.0,,,,,,,,,,,,,,,,,,,,,,,,,,,
3656030917,"Jun 22, 2020, 9:40:13 PM",Afternoon Ride,Ride,,2861,0,8,false,Cervelo P2,activities/3903264818.fit.gz,,8.618249893188477,2861.0,2861.0,0.0,0.0,0.0,0.0,,,,0.0,0.0,,,,,,108.66515350341797,,,339.0,,,8.0,,,,,,,,,,,,,0.0,,1.0,,,,,,,,,,,,,,,,6897014.0,,,,,,,,,,,
3657791286,"Jun 23, 2020, 9:30:18 AM",Sunrise yog,Run,"",2789,9.14,74,false,,activities/3905213532.fit.gz,,,2789.0,2789.0,9147.5,4.800000190734863,3.2798492908477783,23.0,27.0,159.39999389648438,173.60000610351562,9.600000381469727,-0.04154140502214432,,,90.0,85.50125885009766,,152.32257080078125,,,648.0,,,74.0,,,,,,,,,,,0.0,,0.0,,1.0,9192.400390625,,,,,,,,,,,,,,,,,,,,,,,,,,
3666430742,"Jun 24, 2020, 9:34:33 PM",1% grade pace test,Run,Treadmill said 4 miles,1979,6.05,64,false,,activities/3914520355.fit.gz,,,1979.0,1979.0,6054.0,5.599999904632568,3.0591206550598145,0.0,,,,0.0,0.0,,,91.0,82.63802337646484,,155.93228149414062,,,465.0,,,64.0,,,,,,,,,,,0.0,,0.0,,1.0,,,,,,,,,,,,,,,,,,,,,,,,,,,
3674319627,"Jun 26, 2020, 2:41:24 PM",Finally back to Team Training!,Workout,"",4492,0,77,false,,activities/3923127533.fit.gz,,,4492.0,4492.0,0.0,0.0,0.0,0.0,0.0,1625.5999755859375,1625.5999755859375,0.0,0.0,,,,,,140.41607666015625,,,787.0,,,77.0,,,,,,,,,,,0.0,,0.0,,1.0,,,,,,,,,,,,,,,,,,,,,,,,,,,
3679393880,"Jun 27, 2020, 3:28:49 PM",Team Training Fun,Workout,"",3832,0,66,false,,activities/3928674643.fit.gz,,,3832.0,3832.0,0.0,0.0,0.0,0.0,0.0,1624.0,1624.0,0.0,0.0,,,,,,143.5511474609375,,,769.0,,,66.0,,,,,,,,,,,0.0,,0.0,,1.0,,,,,,,,,,,,,,,,,,,,,,,,,,,
3680912588,"Jun 27, 2020, 9:26:03 PM",Mt Falcon hike,Hike,"",11501,14.76,66,false,,activities/3930354154.fit.gz,,,11501.0,11247.0,14764.2998046875,2.299999952316284,1.3127323389053345,618.4000244140625,553.0,1792.0,2315.199951171875,23.299999237060547,0.23028521239757538,,,122.0,56.37873458862305,,115.28781127929688,,,1409.0,,,66.0,,,,,,,,,,,0.0,,0.0,,1.0,,,,,,,,,,,,,,,,,,,,,,,,,,,
3684282377,"Jun 28, 2020, 2:30:59 PM",Body pump,Workout,"",3380,0,57,false,,activities/3934025435.fit.gz,,,3380.0,3380.0,0.0,0.0,0.0,0.0,0.0,1623.0,1623.0,0.0,0.0,,,,,,141.37100219726562,,,691.0,,,57.0,,,,,,,,,,,0.0,,0.0,,1.0,,,,,,,,,,,,,,,,,,,,,,,,,,,
3690518428,"Jun 29, 2020, 10:36:56 PM","Team training, getting a little easier",Workout,"",4227,0,110,false,,activities/3940808593.fit.gz,,,4227.0,4227.0,0.0,0.0,0.0,0.0,0.0,1660.800048828125,1660.800048828125,0.0,0.0,,,,,,152.37071228027344,,,905.0,,,110.0,,,,,,,,,,,0.0,,0.0,,1.0,,,,,,,,,,,,,,,,,,,,,,,,,,,
3694652920,"Jun 30, 2020, 7:05:55 PM",Quick lunch swim,Swim,"",2606,"2,000",66,false,,activities/3945323417.fit.gz,,,2606.0,2579.0,2000.0,0.8999999761581421,0.775494396686554,0.0,,,,0.0,0.0,,,,25.0,,141.40023803710938,,,400.0,,,66.0,,,,,,,,,,,0.0,,0.0,,1.0,,,,,,,,,,,,,,,,,,,,,,,,,,,
3695730903,"Jun 30, 2020, 9:53:07 PM",Boulder ride,Ride,Watch died with like 2.5 miles to go :(,11816,67.45,129,false,Cervelo P2,activities/3946517104.fit.gz,,8.618249893188477,11816.0,11013.0,67455.796875,14.399999618530273,6.1251068115234375,543.0,594.0,1610.4000244140625,1720.199951171875,8.800000190734863,-0.08746468275785446,,,,,,135.02613830566406,,,1638.0,,,129.0,,,,,,7.0,,,,,0.0,351.0,0.0,,1.0,,,,,,,,,,,,,,,,6897014.0,,,,,,,,,,,
3699178891,"Jul 1, 2020, 5:28:34 PM",Recovery 10k,Run,"",3128,10.07,162,false,,activities/3950297383.fit.gz,,,3128.0,3128.0,10073.2998046875,3.700000047683716,3.2203643321990967,4.0,14.0,1587.4000244140625,1602.199951171875,7.699999809265137,-0.0972868874669075,,,88.0,82.90274810791016,,167.74200439453125,,,822.0,,,162.0,,,,,,6.0,,,,,0.0,82.0,0.0,,1.0,10102.5,,,,,,,,,,,,,,,,,,,,,,,,,,
3700337114,"Jul 1, 2020, 10:48:26 PM",Afternoon Run,Run,,1842,3.96,28,false,,activities/3951554957.fit.gz,,,1842.0,1332.0,3965.39990234375,6.0,2.97702693939209,0.0,,,,0.0,0.0,,,101.0,82.93524169921875,,134.4473419189453,,,277.0,,,28.0,,,,,,,,,,,,,0.0,,1.0,,,,,,,,,,,,,,,,,,,,,,,,,,,
3700415565,"Jul 1, 2020, 11:21:25 PM",Afternoon Activity,Workout,,1501,0,16,false,,activities/3951639973.fit.gz,,,1501.0,1501.0,0.0,0.0,0.0,0.0,0.0,1632.199951171875,1632.199951171875,0.0,0.0,,,,,,135.05130004882812,,,273.0,,,16.0,,,,,,,,,,,,,0.0,,1.0,,,,,,,,,,,,,,,,,,,,,,,,,,,
3721816851,"Jul 6, 2020, 12:49:56 PM",Morning Run,Run,,2578,8.06,67,false,,activities/3974949834.fit.gz,,,2578.0,2578.0,8065.2998046875,4.300000190734863,3.1285104751586914,70.0,74.0,1625.5999755859375,1673.5999755859375,10.300000190734863,-0.04463566094636917,,,91.0,85.64152526855469,,151.61830139160156,,,560.0,,,67.0,,,,,,,,,,,,,0.0,,1.0,8171.10009765625,,,,,,,,,,,,,,,,,,,,,,,,,,
3731717078,"Jul 8, 2020, 1:03:36 PM",Arizona is warm,Run,"",1967,6.03,46,false,,activities/3985773056.fit.gz,,,1967.0,1967.0,6033.7998046875,4.5,3.067513942718506,4.0,75.0,323.20001220703125,400.20001220703125,7.099999904632568,-1.1733899116516113,,,88.0,84.77613067626953,,148.42034912109375,,,431.0,,,46.0,,,,,,,,,,,0.0,,0.0,,1.0,6034.39990234375,,,,,,,,,,,,,,,,,,,,,,,,,,
3758456885,"Jul 13, 2020, 10:40:52 PM",Team training,Workout,"",3760,0,54,false,,activities/4015547040.fit.gz,,,3760.0,3760.0,0.0,0.0,0.0,0.0,0.0,1637.800048828125,1641.800048828125,0.0,0.0,,,,,,141.34866333007812,,,726.0,,,54.0,,,,,,,,,,,0.0,,0.0,,1.0,,,,,,,,,,,,,,,,,,,,,,,,,,,
3763824648,"Jul 14, 2020, 10:34:16 PM",3 parks half marathon,Run,1st 1/2 marathon of my life! ,7146,21.36,247,false,,activities/4021589654.fit.gz,,,7146.0,7036.0,21360.099609375,4.699999809265137,3.035830020904541,151.0,89.0,1558.4000244140625,1640.5999755859375,8.199999809265137,0.3014967143535614,,,90.0,83.98838806152344,,159.69883728027344,,,1704.0,,,247.0,,,,,,8.0,,,,,0.0,302.0,0.0,,1.0,21503.80078125,,,,,,,,,,,,,,,,,,,,,,,,,,
3768922011,"Jul 15, 2020, 9:58:41 PM",50 miles woo!,Ride,"",14668,81.70,83,false,Cervelo P2,activities/4027225149.fit.gz,,8.618249893188477,14668.0,13721.0,81699.703125,15.800000190734863,5.954354763031006,734.0,684.0,1627.0,1916.0,46.0,0.05287656933069229,,,,,,124.09214782714844,,,1710.0,,,83.0,,,,,,7.0,,,,,0.0,438.0,0.0,,1.0,,,,,,,,,,,,,,,,6897014.0,,,,,,,,,,,
3773206397,"Jul 16, 2020, 10:18:39 PM",Afternoon Swim,Swim,,2619,"2,000",72,false,,activities/4031995598.fit.gz,,,2619.0,2600.0,2000.0,1.100000023841858,0.7692307829856873,0.0,,,,0.0,0.0,,,,25.0,,141.9961700439453,,,400.0,,,72.0,,,,,,,,,,,,,0.0,,1.0,,,,,,,,,,,,,,,,,,,,,,,,,,,
3788281219,"Jul 19, 2020, 9:19:49 PM",To liquid mechanics brewery,Ride,"",8984,29.27,27,false,Cervelo P2,activities/4048924903.fit.gz,,8.618249893188477,8984.0,4688.0,29269.599609375,13.300000190734863,6.243515491485596,165.0,224.0,1604.5999755859375,1673.199951171875,48.400001525878906,-0.1892748773097992,,,,,,120.80979919433594,,,635.0,,,27.0,,,,,,,,,,,0.0,,0.0,,1.0,,,,,,,,,,,,,,,,6897014.0,,,,,,,,,,,
3788425126,"Jul 20, 2020, 12:18:23 AM",Liquid mechanics to rails end,Ride,"",2778,14.01,17,false,Cervelo P2,activities/4049093582.fit.gz,,8.618249893188477,2778.0,2575.0,14016.7998046875,10.300000190734863,5.443417549133301,96.0,71.0,1580.199951171875,1652.199951171875,12.699999809265137,0.14411278069019318,,,,,,124.29949188232422,,,400.0,,,17.0,,,,,,,,,,,0.0,,0.0,,1.0,,,,,,,,,,,,,,,,6897014.0,,,,,,,,,,,
3788568685,"Jul 20, 2020, 1:51:15 AM",Rails end to the house,Ride,"",3076,15.99,21,false,Cervelo P2,activities/4049268561.fit.gz,,8.618249893188477,3076.0,2925.0,15996.599609375,11.699999809265137,5.468923091888428,145.0,88.0,1624.5999755859375,1691.4000244140625,49.29999923706055,0.33882200717926025,,,,,,127.4542007446289,,,486.0,,,21.0,,,,,,,,,,,0.0,,0.0,,1.0,,,,,,,,,,,,,,,,6897014.0,,,,,,,,,,,
3798013047,"Jul 21, 2020, 10:02:07 PM",Afternoon Run,Run,,1989,5.84,60,false,,activities/4059756451.fit.gz,,,1989.0,1989.0,5848.10009765625,4.5,2.9402213096618652,0.0,,,,0.0,0.0,,,90.0,80.9984130859375,,154.75112915039062,,,443.0,,,60.0,,,,,,,,,,,,,0.0,,1.0,,,,,,,,,,,,,,,,,,,,,,,,,,,
3798122565,"Jul 21, 2020, 10:38:59 PM",Afternoon Activity,Workout,,1716,0,47,false,,activities/4059880885.fit.gz,,,1716.0,1716.0,0.0,0.0,0.0,0.0,0.0,176.8000030517578,177.1999969482422,0.0,0.0,,,,,,153.02389526367188,,,399.0,,,47.0,,,,,,,,,,,,,0.0,,1.0,,,,,,,,,,,,,,,,,,,,,,,,,,,
3819342561,"Jul 24, 2020, 9:32:19 PM",Afternoon Run,Run,,1622,5.57,52,false,,activities/4084340998.fit.gz,,,1622.0,1622.0,5574.7998046875,5.599999904632568,3.4369914531707764,0.0,,,,0.0,0.0,,,91.0,81.8868408203125,,156.85696411132812,,,378.0,,,52.0,,,,,,,,,,,,,0.0,,1.0,,,,,,,,,,,,,,,,,,,,,,,,,,,
3819344593,"Jul 25, 2020, 9:01:39 PM",Afternoon Run,Run,,2970,10.08,98,false,,activities/4084343464.fit.gz,,,2970.0,2970.0,10087.099609375,5.800000190734863,3.396329879760742,0.0,,,,0.0,0.0,,,93.0,84.16728973388672,,157.69056701660156,,,713.0,,,98.0,,,,,,,,,,,,,0.0,,1.0,,,,,,,,,,,,,,,,,,,,,,,,,,,
3829838020,"Jul 27, 2020, 9:20:52 PM",Afternoon Swim,Swim,,1968,"1,450",55,false,,activities/4096465473.fit.gz,,,1968.0,1963.0,1450.0,0.8999999761581421,0.7386652827262878,0.0,,,,0.0,0.0,,,,24.0,,141.8061065673828,,,290.0,,,55.0,,,,,,,,,,,,,0.0,,1.0,,,,,,,,,,,,,,,,,,,,,,,,,,,
3829839065,"Jul 27, 2020, 11:15:23 PM",Afternoon Ride,Ride,,3701,22.29,14,false,Cervelo P2,activities/4096466490.fit.gz,,8.618249893188477,3701.0,3565.0,22298.099609375,12.5,6.254726409912109,159.0,98.0,1614.199951171875,1744.4000244140625,6.599999904632568,0.24665778875350952,,,,,,115.53014373779297,,,468.0,,,14.0,,,,,,,,,,,,,0.0,,1.0,,,,,,,,,,,,,,,,6897014.0,,,,,,,,,,,
3829840099,"Jul 28, 2020, 1:09:22 AM",Evening Ride,Ride,,3325,21.16,15,false,Cervelo P2,activities/4096467624.fit.gz,,8.618249893188477,3325.0,3241.0,21159.900390625,11.600000381469727,6.528818130493164,92.0,148.0,1617.4000244140625,1744.199951171875,12.600000381469727,-0.2589804232120514,,,,,,118.69509887695312,,,465.0,,,15.0,,,,,,,,,,,,,0.0,,1.0,,,,,,,,,,,,,,,,6897014.0,,,,,,,,,,,
3836867688,"Jul 30, 2020, 2:51:32 AM",Evening Swim,Swim,,3445,"2,500",88,false,,activities/4104437092.fit.gz,,,3445.0,3440.0,2500.0,1.100000023841858,0.7267441749572754,0.0,,,,0.0,0.0,,,,22.0,,139.6042938232422,,,500.0,,,88.0,,,,,,,,,,,,,0.0,,1.0,,,,,,,,,,,,,,,,,,,,,,,,,,,
3841482864,"Jul 31, 2020, 2:49:05 AM",Breast stroke practice,Swim,"",3611,"2,125",46,false,,activities/4109659845.fit.gz,,,3611.0,3607.0,2125.0,1.7000000476837158,0.5891322493553162,0.0,,,,0.0,0.0,,,,22.0,,127.35948181152344,,,447.0,,,46.0,,,,,,,,,,,0.0,,0.0,,1.0,,,,,,,,,,,,,,,,,,,,,,,,,,,
3848320718,"Aug 1, 2020, 1:24:23 PM","90 degrees at 6am, AZ is hot 🔥",Run,"",2570,8.07,86,false,,activities/4117346546.fit.gz,,,2570.0,2520.0,8078.60009765625,4.0,3.205793619155884,10.0,71.0,361.0,434.20001220703125,2.4000000953674316,-0.7550813555717468,,,90.0,83.93128204345703,,158.73532104492188,,,614.0,,,86.0,,,,,,,,,,,0.0,,0.0,,1.0,8056.2001953125,,,,,,,,,,,,,,,,,,,,,,,,,,
3857975778,"Aug 3, 2020, 12:33:27 PM",Sunrise jog,Run,"",1501,5.07,44,false,,activities/4128054378.fit.gz,,,1501.0,1501.0,5070.89990234375,4.300000190734863,3.378347873687744,4.0,8.0,380.20001220703125,387.20001220703125,6.699999809265137,-0.08676961064338684,,,89.0,86.72181701660156,,154.732177734375,,,358.0,,,44.0,,,,,,,,,,,0.0,,0.0,,1.0,5067.7998046875,,,,,,,,,,,,,,,,,,,,,,,,,,
3861150226,"Aug 4, 2020, 2:48:16 AM",Pull buoy practice,Swim,"",3421,"2,075",18,false,,activities/4131544807.fit.gz,,,3421.0,3417.0,2075.0,1.7999999523162842,0.6072578430175781,0.0,,,,0.0,0.0,,,,22.0,,115.23844146728516,,,420.0,,,18.0,,,,,,,,,,,0.0,,0.0,,1.0,,,,,,,,,,,,,,,,,,,,,,,,,,,
3865603482,"Aug 4, 2020, 10:52:55 PM",109 degrees.. how do those weirdos do hot yoga?,Run,"",1653,5.08,47,false,,activities/4136438794.fit.gz,,,1653.0,1648.0,5086.60009765625,3.5999999046325684,3.086529016494751,7.0,13.0,326.6000061035156,340.79998779296875,5.099999904632568,-0.12975268065929413,,,87.0,82.44660186767578,,154.74453735351562,,,397.0,,,47.0,,,,,,,,,,,0.0,,0.0,,1.0,5087.10009765625,1596578432.0,1.0,42.060001373291016,42.060001373291016,10.050000190734863,0.15000000596046448,1009.0999755859375,3.5399999618530273,6.03000020980835,218.0,0.0,1596545152.0,1596594432.0,0.550000011920929,,,0.0,,0.10999999940395355,16093.0,7.0,284.3999938964844,,,,
3867957371,"Aug 5, 2020, 12:35:08 PM",Morning Run,Run,,1817,5.93,48,false,,activities/4139029197.fit.gz,,,1817.0,1817.0,5933.39990234375,3.9000000953674316,3.2654926776885986,61.0,13.0,331.3999938964844,387.0,1.399999976158142,0.8527994155883789,,,89.0,86.01045989990234,,152.2608642578125,,,428.0,,,48.0,,,,,,,,,,,,,0.0,,1.0,5931.5,1596628736.0,1.0,29.0,29.0,15.4399995803833,0.4399999976158142,1009.0999755859375,1.590000033378601,2.75,93.0,0.0,1596631680.0,1596680832.0,0.5799999833106995,,,0.0,,0.009999999776482582,16093.0,0.0,289.3999938964844,,,,
3873100690,"Aug 6, 2020, 12:32:58 PM",Morning Run,Run,,2566,8.52,76,false,,activities/4144645148.fit.gz,,,2566.0,2566.0,8523.0,4.199999809265137,3.32151198387146,9.0,12.0,343.0,352.3999938964844,2.0999999046325684,-0.035198874771595,,,89.0,86.1468734741211,,153.98129272460938,,,616.0,,,76.0,,,,,,,,,,,,,0.0,,1.0,8528.7998046875,1596715264.0,1.0,26.510000228881836,26.510000228881836,-2.2200000286102295,0.15000000596046448,1007.5,2.140000104904175,2.6700000762939453,50.0,0.0,1596718080.0,1596767104.0,0.6100000143051147,,,0.0,,0.0,16093.0,0.0,288.70001220703125,,,,
3897753209,"Aug 11, 2020, 2:55:32 PM",Smathers beach jog in the sand,Run,"",799,1.86,22,false,,activities/4171688774.fit.gz,,,799.0,799.0,1861.9000244140625,2.9000000953674316,2.3302879333496094,72.0,4.0,-79.19999694824219,-5.599999904632568,30.200000762939453,3.6199581623077393,,,84.0,81.34461212158203,,153.25782775878906,,,181.0,,,22.0,,,,,,,,,,,0.0,,0.0,,1.0,2236.60009765625,1597154432.0,1.0,31.31999969482422,38.0,24.84000015258789,0.6899999976158142,1017.2000122070312,1.9199999570846558,3.140000104904175,125.0,0.0,1597143680.0,1597190784.0,0.7599999904632568,,,0.0,,0.12999999523162842,16093.0,4.0,278.20001220703125,,,,
3928640558,"Aug 17, 2020, 11:57:17 PM",Trying to work off all that key lime pie,Workout,"",3600,0,101,false,,activities/4205331470.fit.gz,,,3600.0,3600.0,0.0,0.0,0.0,0.0,0.0,1563.5999755859375,1564.800048828125,0.0,0.0,,,,,,153.42027282714844,,,793.0,,,101.0,,,,,,,,,,,0.0,,0.0,,1.0,,,,,,,,,,,,,,,,,,,,,,,,,,,
3939282149,"Aug 20, 2020, 3:16:05 AM",Night Run,Run,,1157,3.28,49,false,,activities/4216802293.fit.gz,,,1157.0,1157.0,3281.199951171875,3.5,2.8359551429748535,0.0,,,,0.0,0.0,,,84.0,81.93368530273438,,164.19619750976562,,,297.0,,,49.0,,,,,,,,,,,,,0.0,,1.0,,,,,,,,,,,,,,,,,,,,,,,,,,,
3943215994,"Aug 20, 2020, 11:11:45 PM",Afternoon Activity,Workout,,5504,0,35,false,,activities/4220995530.fit.gz,,,5504.0,5504.0,0.0,0.0,0.0,0.0,0.0,390.0,390.0,0.0,0.0,,,,,,125.7861557006836,,,745.0,,,35.0,,,,,,,,,,,,,0.0,,1.0,,,,,,,,,,,,,,,,,,,,,,,,,,,
3947082348,"Aug 21, 2020, 11:13:32 PM",Afternoon Run,Run,,1509,4.10,52,false,,activities/4225159872.fit.gz,,,1509.0,1509.0,4102.7001953125,3.700000047683716,2.718820333480835,0.0,,,,0.0,0.0,,,86.0,82.86017608642578,,158.5997314453125,,,371.0,,,52.0,,,,,,,,,,,,,0.0,,1.0,,,,,,,,,,,,,,,,,,,,,,,,,,,
3961574130,"Aug 24, 2020, 10:56:22 PM",Afternoon Activity,Workout,,7201,0,120,false,,activities/4240659176.fit.gz,,,7201.0,7201.0,0.0,0.0,0.0,0.0,0.0,374.3999938964844,377.79998779296875,0.0,0.0,,,,,,141.1499786376953,,,1432.0,,,120.0,,,,,,,,,,,,,0.0,,1.0,,,,,,,,,,,,,,,,,,,,,,,,,,,
3966470186,"Aug 26, 2020, 12:52:05 AM",Evening Activity,Workout,,3935,0,14,false,,activities/4245869059.fit.gz,,,3935.0,3935.0,0.0,0.0,0.0,0.0,0.0,350.0,350.0,0.0,0.0,,,,,,115.23023986816406,,,490.0,,,14.0,,,,,,,,,,,,,0.0,,1.0,,,,,,,,,,,,,,,,,,,,,,,,,,,
3971069909,"Aug 26, 2020, 10:58:13 PM",Afternoon Activity,Workout,,6594,0,83,false,,activities/4250774674.fit.gz,,,6594.0,6594.0,0.0,0.0,0.0,0.0,0.0,348.0,348.0,0.0,0.0,,,,,,134.8383331298828,,,1144.0,,,83.0,,,,,,,,,,,,,0.0,,1.0,,,,,,,,,,,,,,,,,,,,,,,,,,,
3978746215,"Aug 28, 2020, 5:39:02 PM",Lunch Ride,Ride,,4245,26.59,15,false,Cervelo P2,activities/4258968770.fit.gz,,8.618249893188477,4245.0,3934.0,26594.0,11.300000190734863,6.760040760040283,242.0,132.0,1514.199951171875,1672.199951171875,49.0,0.4474693536758423,,,,,,115.48052215576172,,,536.0,,,15.0,,,,,,,,,,,,,0.0,,1.0,,1598633984.0,2.0,23.75,23.75,9.5600004196167,0.4099999964237213,1015.0999755859375,2.799999952316284,4.179999828338623,21.0,0.0,1598617600.0,1598665088.0,0.3700000047683716,6897014.0,,0.0,,0.41999998688697815,16093.0,6.0,273.0,,,,
3978843985,"Aug 28, 2020, 7:18:25 PM",Afternoon Ride,Ride,,1270,6.93,9,false,Cervelo P2,activities/4259074648.fit.gz,,8.618249893188477,1270.0,1199.0,6935.7001953125,10.399999618530273,5.784570693969727,79.0,46.0,1585.800048828125,1667.0,6.599999904632568,0.4931009113788605,,,,,,126.54086303710938,,,220.0,,,9.0,,,,,,,,,,,,,0.0,,1.0,,1598641152.0,2.0,25.3799991607666,25.3799991607666,9.130000114440918,0.36000001430511475,1012.9000244140625,3.3499999046325684,6.360000133514404,27.0,0.0,1598617600.0,1598665088.0,0.3700000047683716,6897014.0,,0.0,,0.44999998807907104,16093.0,8.0,273.79998779296875,,,,
3982562583,"Aug 29, 2020, 2:10:19 PM",Highlands Ranch Wildcat Mountain 10 Mile Race,Run,"",5414,16.10,202,false,,activities/4263070431.fit.gz,,,5414.0,5411.0,16099.2998046875,4.199999809265137,2.9752910137176514,267.0,272.0,1833.5999755859375,1926.0,19.700000762939453,-0.043480150401592255,,,95.0,84.23766326904297,,160.4470977783203,,,1340.0,,,202.0,,,,,,8.0,,,,,0.0,232.0,0.0,,1.0,16656.0,1598709632.0,1.0,15.729999542236328,15.729999542236328,10.449999809265137,0.7099999785423279,1013.7999877929688,2.2100000381469727,3.240000009536743,198.0,0.0,1598704000.0,1598751360.0,0.4000000059604645,,,0.0,,0.27000001072883606,16093.0,1.0,278.0,,,,
4000665145,"Sep 2, 2020, 12:07:23 PM",Arizona sunrise jog,Run,"",2678,8.85,96,false,,activities/4282446622.fit.gz,,,2678.0,2678.0,8854.599609375,4.0,3.306422710418701,8.0,17.0,375.79998779296875,387.20001220703125,1.600000023841858,-0.07453753054141998,,,90.0,84.70262145996094,,159.1902618408203,,,637.0,,,96.0,,,,,,,,,,,0.0,,0.0,,1.0,8852.099609375,1599047936.0,1.0,26.719999313354492,28.09000015258789,19.75,0.6600000262260437,1012.0999755859375,1.7899999618530273,3.0799999237060547,334.0,0.0,1599051904.0,1599098112.0,0.5299999713897705,,,0.0,,0.0,16093.0,0.0,286.3999938964844,,,,
4003436273,"Sep 2, 2020, 11:08:16 PM",Afternoon Activity,Workout,,3575,0,42,false,,activities/4285366456.fit.gz,,,3575.0,3575.0,0.0,0.0,0.0,0.0,0.0,384.79998779296875,384.79998779296875,0.0,0.0,,,,,,136.85287475585938,,,659.0,,,42.0,,,,,,,,,,,,,0.0,,1.0,,,,,,,,,,,,,,,,,,,,,,,,,,,
4008245656,"Sep 3, 2020, 11:54:05 PM",Afternoon Activity,Workout,,4255,0,36,false,,activities/4290472428.fit.gz,,,4255.0,4255.0,0.0,0.0,0.0,0.0,0.0,382.3999938964844,384.0,0.0,0.0,,,,,,126.48390197753906,,,631.0,,,36.0,,,,,,,,,,,,,0.0,,1.0,,,,,,,,,,,,,,,,,,,,,,,,,,,
4016201764,"Sep 5, 2020, 1:56:21 PM",Lookout Mountain Triathlon,Swim,Swim,712,525,21,false,,activities/4298614188.fit.gz,,,712.0,672.0,525.0,1.0,0.78125,0.0,,,,0.0,0.0,,,,27.0,,144.86944580078125,,,105.0,,,21.0,,,,,,,,,,,0.0,,0.0,,1.0,,,,,,,,,,,,,,,,,,,,,,,,,,,
4016203814,"Sep 5, 2020, 2:18:17 PM",Lookout Mountain Triathlon,Ride,"Bike, forgot to start the watch",2250,13.91,49,false,Cervelo P2,activities/4298615922.fit.gz,,8.618249893188477,2250.0,2232.0,13911.099609375,17.100000381469727,6.232571601867676,298.0,159.0,2191.0,2345.0,19.0,1.107029676437378,,,,,,146.9215545654297,,,497.0,,,49.0,,,,,,,,,,,0.0,,0.0,,1.0,,1599314432.0,1.0,17.149999618530273,17.149999618530273,0.8899999856948853,0.33000001311302185,1020.7000122070312,1.8600000143051147,1.8600000143051147,265.0,0.0,1599309312.0,1599355648.0,0.6200000047683716,6897014.0,,0.0,,0.0,10327.0,1.0,273.20001220703125,,,,
4016205690,"Sep 5, 2020, 2:57:46 PM",Lookout Mountain Triathlon,Run,Run,1908,4.77,45,false,,activities/4298618248.fit.gz,,,1908.0,1850.0,4770.0,4.199999809265137,2.578378438949585,87.0,89.0,2337.199951171875,2392.0,27.299999237060547,-0.046121593564748764,,,90.0,80.76991271972656,,150.04058837890625,,,426.0,,,45.0,,,,,,,,,,,0.0,,0.0,,1.0,4993.7001953125,1599314432.0,1.0,17.149999618530273,17.149999618530273,0.8899999856948853,0.33000001311302185,1020.7000122070312,1.8600000143051147,1.8600000143051147,265.0,0.0,1599309312.0,1599355648.0,0.6200000047683716,,,0.0,,0.0,10327.0,1.0,273.20001220703125,,,,
4022906324,"Sep 6, 2020, 12:06:33 PM",14ers - Grays and Torreys,Hike,"",25260,14.50,46,false,,activities/4305764240.fit.gz,,,25260.0,17329.0,14499.2998046875,6.099999904632568,0.8367072343826294,1184.4000244140625,1106.0,3344.39990234375,4285.39990234375,50.0,0.25380536913871765,,,116.0,55.8511962890625,,100.7894287109375,,,2020.0,,,46.0,,,,,,6.0,,,,,0.0,457.0,0.0,,1.0,,1599393536.0,1.0,7.710000038146973,5.730000019073486,-8.069999694824219,0.3199999928474426,1021.4000244140625,3.0399999618530273,6.190000057220459,262.0,0.0,1599395840.0,1599442048.0,0.6499999761581421,,,0.0,,0.0,16093.0,0.0,268.1000061035156,,,,
4032545109,"Sep 8, 2020, 11:35:31 PM",Lifting,Workout,"",2911,0,29,false,,activities/4315981039.fit.gz,,,2911.0,2911.0,0.0,0.0,0.0,0.0,0.0,648.7999877929688,648.7999877929688,0.0,0.0,,,,,,134.3438720703125,,,494.0,,,29.0,,,,,,,,,,,0.0,,0.0,,1.0,,,,,,,,,,,,,,,,,,,,,,,,,,,
4034538895,"Sep 9, 2020, 12:22:38 PM",Finally a cool morning in AZ!,Run,"",2993,10.14,95,false,,activities/4318089040.fit.gz,,,2993.0,2993.0,10142.0,4.300000190734863,3.388573408126831,15.0,13.0,383.6000061035156,392.6000061035156,7.5,0.01774797961115837,,,90.0,86.38935089111328,,157.35829162597656,,,688.0,,,95.0,,,,,,6.0,,,,,0.0,78.0,0.0,,1.0,10157.2998046875,1599652864.0,1.0,20.229999542236328,20.229999542236328,-2.190000057220459,0.2199999988079071,1006.5999755859375,3.319999933242798,6.289999961853027,6.0,0.0,1599657088.0,1599702272.0,0.7400000095367432,,,0.0,,0.0,16093.0,0.0,305.79998779296875,,,,
4037287859,"Sep 9, 2020, 11:07:55 PM",Afternoon Activity,Workout,,4611,0,36,false,,activities/4320965684.fit.gz,,,4611.0,4611.0,0.0,0.0,0.0,0.0,0.0,375.6000061035156,375.6000061035156,0.0,0.0,,,,,,128.6306610107422,,,644.0,,,36.0,,,,,,,,,,,,,0.0,,1.0,,,,,,,,,,,,,,,,,,,,,,,,,,,
4049179838,"Sep 12, 2020, 3:00:17 PM",Half Ironman 70.3 - swim,Swim,Watch doesn't work on open water. Pretty close to the 1.2 miles I think? ,1947,500,11,false,,activities/4333550131.fit.gz,,,1947.0,1907.0,500.0,1.899999976158142,0.26219192147254944,0.0,,,,0.0,0.0,,,,27.0,,117.0087661743164,,,90.0,,,11.0,,,,,,,,,,,0.0,,0.0,,1.0,,,,,,,,,,,,,,,,,,,,,,,,,,,
4050508604,"Sep 12, 2020, 3:58:11 PM",Half Ironman 70.3 - Bike,Ride,Tougher than advertised.. blew a tire at 54 miles. ,17359,95.71,107,false,Cervelo P2,activities/4334948826.fit.gz,,8.618249893188477,17359.0,15048.0,95717.5,14.100000381469727,6.360812187194824,690.0,684.0,1687.0,1849.4000244140625,31.0,0.007940031588077545,,,,,,128.13894653320312,,,2048.0,,,107.0,,,,,,,,,,,0.0,,0.0,,1.0,,1599922816.0,1.0,14.59000015258789,14.59000015258789,1.1399999856948853,0.4000000059604645,1017.0,2.1500000953674316,2.7699999809265137,194.0,0.0,1599914368.0,1599959552.0,0.8399999737739563,6897014.0,,0.0,,0.009999999776482582,16093.0,2.0,282.1000061035156,,,,
4051022528,"Sep 12, 2020, 9:13:05 PM",Half Ironman 70.3 - Run,Run,Ran out of gas after 4 miles but finished kind of strong. Toughest thing I've ever done! ,8046,21.08,258,false,,activities/4335488636.fit.gz,,,8046.0,8042.0,21082.80078125,3.700000047683716,2.621586561203003,68.0,58.0,1777.199951171875,1792.4000244140625,38.0,0.043637465685606,,,89.0,79.36380004882812,,157.71620178222656,,,1752.0,,,258.0,,,,,,10.0,,,,,0.0,491.0,0.0,,1.0,21211.5,1599944448.0,1.0,24.149999618530273,24.149999618530273,-4.050000190734863,0.15000000596046448,1014.0,3.25,5.230000019073486,350.0,0.0,1599914368.0,1599959552.0,0.8399999737739563,,,0.0,,0.009999999776482582,16093.0,6.0,282.0,,,,
4060514720,"Sep 14, 2020, 9:00:55 PM",Recovery Run,Run,"",3403,10.05,107,false,,activities/4345556777.fit.gz,,,3403.0,3370.0,10057.7001953125,3.5999999046325684,2.984480619430542,34.0,13.0,1602.5999755859375,1629.5999755859375,2.9000000953674316,0.2068067193031311,,,86.0,82.33006286621094,,156.67538452148438,,,752.0,,,107.0,,,,,,,,,,,0.0,,0.0,,1.0,10081.099609375,1600117248.0,1.0,30.670000076293945,30.670000076293945,-4.019999980926514,0.10000000149011612,1015.9000244140625,2.119999885559082,4.190000057220459,79.0,0.0,1600087424.0,1600132352.0,0.9100000262260437,,,0.0,,0.019999999552965164,16093.0,6.0,277.0,,,,
4075577770,"Sep 17, 2020, 11:24:56 PM",Ya no.. the watch was on drugs,Run,7.65 miles in one hour,3656,17.09,103,false,,activities/4361413205.fit.gz,,,3656.0,3656.0,17095.400390625,5.900000095367432,4.675984859466553,0.0,,,,0.0,0.0,,,93.0,83.7702407836914,,152.21417236328125,,,789.0,,,103.0,,,,,,,,,,,0.0,,0.0,,1.0,,,,,,,,,,,,,,,,,,,,,,,,,,,
4079809643,"Sep 19, 2020, 12:06:50 AM",Evening Activity,Workout,,3387,0,11,false,,activities/4365905893.fit.gz,,,3387.0,3387.0,0.0,0.0,0.0,0.0,0.0,421.20001220703125,421.20001220703125,0.0,0.0,,,,,,108.46707916259766,,,383.0,,,11.0,,,,,,,,,,,,,0.0,,1.0,,,,,,,,,,,,,,,,,,,,,,,,,,,
4094847702,"Sep 22, 2020, 1:01:55 AM",Evening Activity,Workout,,4187,0,40,false,,activities/4381841652.fit.gz,,,4187.0,4187.0,0.0,0.0,0.0,0.0,0.0,431.0,440.6000061035156,0.0,0.0,,,,,,127.9660873413086,,,601.0,,,40.0,,,,,,,,,,,,,0.0,,1.0,,,,,,,,,,,,,,,,,,,,,,,,,,,
4099578672,"Sep 23, 2020, 12:01:05 AM",Evening Activity,Workout,,3251,0,49,false,,activities/4386808580.fit.gz,,,3251.0,3251.0,0.0,0.0,0.0,0.0,0.0,438.79998779296875,438.79998779296875,0.0,0.0,,,,,,135.2396240234375,,,541.0,,,49.0,,,,,,,,,,,,,0.0,,1.0,,,,,,,,,,,,,,,,,,,,,,,,,,,
4101265469,"Sep 23, 2020, 12:06:08 PM",Short jog,Run,"",1876,5.79,50,false,,activities/4388603149.fit.gz,,,1876.0,1876.0,5789.60009765625,4.0,3.0861406326293945,8.0,8.0,382.0,388.20001220703125,2.9000000953674316,-0.0034544700756669044,,,90.0,86.61546325683594,,152.37013244628906,,,410.0,,,50.0,,,,,,,,,,,0.0,,0.0,,1.0,5796.0,1600862464.0,1.0,23.440000534057617,23.440000534057617,7.690000057220459,0.36000001430511475,1013.7999877929688,1.8700000047683716,2.640000104904175,359.0,0.0,1600867200.0,1600910720.0,0.25,,,0.0,,0.0,16093.0,0.0,283.0,,,,
4125246118,"Sep 28, 2020, 8:08:43 PM",Afternoon Run,Run,,1531,5.14,65,false,,activities/4414057308.fit.gz,,,1531.0,1531.0,5145.10009765625,4.300000190734863,3.360614061355591,13.0,53.0,1632.0,1673.0,6.0,-0.7891002893447876,,,88.0,83.68244934082031,,163.06344604492188,,,377.0,,,65.0,,,,,,,,,,,,,0.0,,1.0,5091.2998046875,1601323264.0,1.0,14.649999618530273,14.649999618530273,-7.28000020980835,0.20999999344348907,1025.5999755859375,2.3499999046325684,5.260000228881836,21.0,0.0,1601297792.0,1601340416.0,0.41999998688697815,,,0.0,,0.0,16093.0,6.0,303.1000061035156,,,,
4130130665,"Sep 29, 2020, 8:51:29 PM","Exploring Holland, Michigan",Run,"",3113,10.13,91,false,,activities/4419254373.fit.gz,,,3113.0,3091.0,10136.7001953125,4.400000095367432,3.2794241905212402,28.0,181.0,165.8000030517578,328.3999938964844,6.5,-1.5093669891357422,,,87.0,84.53775787353516,,155.48170471191406,,,708.0,,,91.0,,,,,,,,,,,0.0,,0.0,,1.0,10195.7001953125,1601409536.0,2.0,14.770000457763672,14.770000457763672,8.710000038146973,0.6700000166893005,1009.5,5.860000133514404,7.809999942779541,253.0,0.0,1601379712.0,1601422208.0,0.4399999976158142,,,0.0,,0.4300000071525574,16093.0,2.0,327.5,,,,
4151519347,"Oct 4, 2020, 5:10:23 PM",White Tank Mountain Trail Stompin,Run,"",1971,5.31,53,false,,activities/4441968325.fit.gz,,,1971.0,1843.0,5309.2001953125,3.799999952316284,2.8807380199432373,149.0,78.0,386.6000061035156,516.0,18.299999237060547,1.3486024141311646,,,88.0,83.54183197021484,,153.91912841796875,,,430.0,,,53.0,,,,,,,,,,,0.0,,0.0,,1.0,5470.39990234375,1601830784.0,1.0,29.219999313354492,29.219999313354492,-14.369999885559082,0.05000000074505806,1014.9000244140625,3.7300000190734863,4.46999979019165,78.0,0.0,1601818112.0,1601860224.0,0.6000000238418579,,,0.0,,0.0,16093.0,4.0,283.0,,,,
4163015658,"Oct 7, 2020, 12:07:56 PM",Tried to push it a bit today,Run,"",1641,5.79,52,false,,activities/4454151454.fit.gz,,,1641.0,1641.0,5792.2998046875,4.199999809265137,3.529737949371338,11.0,8.0,384.3999938964844,392.6000061035156,2.299999952316284,0.0586986169219017,,,91.0,87.77167510986328,,156.58135986328125,,,393.0,,,52.0,,,,,,,,,,,0.0,,0.0,,1.0,5808.7998046875,1602072064.0,2.0,19.969999313354492,19.969999313354492,-11.0,0.10999999940395355,1010.9000244140625,2.4700000286102295,3.0199999809265137,38.0,0.0,1602077440.0,1602119168.0,0.6899999976158142,,,0.0,,0.38999998569488525,16093.0,0.0,278.79998779296875,,,,
4173162195,"Oct 9, 2020, 7:56:41 PM",Murph Start,Run,"",563,1.99,16,false,,activities/4464903961.fit.gz,,,563.0,563.0,1993.4000244140625,4.099999904632568,3.540674924850464,30.0,2.0,1624.4000244140625,1654.4000244140625,35.400001525878906,1.4748671054840088,,,89.0,86.03392791748047,,154.9982147216797,,,134.0,,,16.0,,,,,,,,,,,0.0,,0.0,,1.0,2056.699951171875,1602269952.0,1.0,28.040000915527344,28.040000915527344,-5.550000190734863,0.10999999940395355,1007.2000122070312,2.4000000953674316,5.260000228881836,43.0,0.0,1602248704.0,1602289920.0,0.75,,,0.0,,0.12999999523162842,16093.0,6.0,263.79998779296875,,,,
4173241336,"Oct 9, 2020, 8:06:39 PM","100 pull ups, 200 push ups, 300 air squats",Workout,"",2164,0,36,false,,activities/4464991306.fit.gz,,,2164.0,2164.0,0.0,0.0,0.0,0.0,0.0,1643.800048828125,1647.5999755859375,0.0,0.0,,,,,,142.3096160888672,,,449.0,,,36.0,,,,,,,,,,,0.0,,0.0,,1.0,,,,,,,,,,,,,,,,,,,,,,,,,,,
4173278362,"Oct 9, 2020, 8:43:25 PM",Murph Finish,Run,"",672,1.89,23,false,,activities/4465029381.fit.gz,,,672.0,669.0,1894.5,3.4000000953674316,2.831838607788086,5.0,4.0,1646.800048828125,1650.5999755859375,4.5,0.03167062625288963,,,84.0,81.61285400390625,,159.53512573242188,,,164.0,,,23.0,,,,,,,,,,,0.0,,0.0,,1.0,1901.0,1602273536.0,1.0,28.350000381469727,28.350000381469727,-6.210000038146973,0.10000000149011612,1006.2999877929688,3.0399999618530273,5.929999828338623,26.0,0.0,1602248704.0,1602289920.0,0.75,,,0.0,,0.14000000059604645,16093.0,5.0,262.79998779296875,,,,
4177062206,"Oct 10, 2020, 4:22:27 PM",Morning Run,Run,,656,2.01,9,false,,activities/4469031407.fit.gz,,,656.0,651.0,2017.0999755859375,5.5,3.098464012145996,7.0,2.0,1647.0,1653.800048828125,6.400000095367432,0.30737197399139404,,,109.0,84.13056945800781,,140.6989288330078,,,137.0,,,9.0,,,,,,,,,,,,,0.0,,1.0,2040.300048828125,1602345600.0,1.0,16.690000534057617,16.690000534057617,-2.309999942779541,0.27000001072883606,1011.2999877929688,1.0199999809265137,2.6500000953674316,125.0,0.0,1602335232.0,1602376192.0,0.7900000214576721,,,0.0,,0.20000000298023224,16093.0,3.0,261.0,,,,
4177175111,"Oct 10, 2020, 4:36:20 PM",Morning Activity,Workout,,1207,0,28,false,,activities/4469151427.fit.gz,,,1207.0,1207.0,0.0,0.0,0.0,0.0,0.0,1648.800048828125,1651.199951171875,0.0,0.0,,,,,,148.3214569091797,,,272.0,,,28.0,,,,,,,,,,,,,0.0,,1.0,,,,,,,,,,,,,,,,,,,,,,,,,,,
4178574649,"Oct 10, 2020, 4:59:25 PM",Morning Run,Run,,653,1.97,22,false,,activities/4470651878.fit.gz,,,653.0,653.0,1976.5,3.5999999046325684,3.026799440383911,8.0,4.0,1647.5999755859375,1652.5999755859375,4.800000190734863,0.25297242403030396,,,85.0,82.23773193359375,,158.42330932617188,,,157.0,,,22.0,,,,,,,,,,,,,0.0,,1.0,1991.199951171875,1602345600.0,1.0,16.690000534057617,16.690000534057617,-2.309999942779541,0.27000001072883606,1011.2999877929688,1.0199999809265137,2.6500000953674316,125.0,0.0,1602335232.0,1602376192.0,0.7900000214576721,,,0.0,,0.20000000298023224,16093.0,3.0,261.0,,,,
4200456335,"Oct 16, 2020, 12:03:37 AM",Evening Activity,Workout,,923,0,24,false,,activities/4493984945.fit.gz,,,923.0,923.0,0.0,0.0,0.0,0.0,0.0,378.3999938964844,378.3999938964844,0.0,0.0,,,,,,150.1332550048828,,,206.0,,,24.0,,,,,,,,,,,,,0.0,,1.0,,,,,,,,,,,,,,,,,,,,,,,,,,,
4206793755,"Oct 17, 2020, 2:08:51 PM",5k pace is improving,Run,"",1377,4.98,49,false,,activities/4500717955.fit.gz,,,1377.0,1377.0,4985.89990234375,4.300000190734863,3.620842456817627,6.0,9.0,383.79998779296875,392.3999938964844,2.700000047683716,-0.01604524813592434,,,89.0,86.80567932128906,,158.4059600830078,,,326.0,,,49.0,,,,,,,,,,,0.0,,0.0,,1.0,4991.60009765625,1602943232.0,1.0,18.059999465942383,18.059999465942383,-4.139999866485596,0.2199999988079071,1011.7000122070312,1.399999976158142,2.549999952316284,18.0,0.0,1602941824.0,1602982400.0,0.05000000074505806,,,0.0,,0.009999999776482582,16093.0,0.0,275.1000061035156,,,,
4213261321,"Oct 18, 2020, 5:18:43 PM",Got too hot to finish the half,Run,"",4972,14.50,135,false,,activities/4507572745.fit.gz,,,4972.0,4867.0,14499.400390625,3.799999952316284,2.9791247844696045,31.0,31.0,364.79998779296875,389.79998779296875,2.0,0.0027587348595261574,,,87.0,83.37602996826172,,152.67242431640625,,,1153.0,,,135.0,,,,,,,,,,,0.0,,0.0,,1.0,14518.400390625,1603040384.0,1.0,25.959999084472656,25.959999084472656,-5.179999828338623,0.11999999731779099,1014.7999877929688,2.4700000286102295,3.2899999618530273,92.0,0.0,1603028352.0,1603068800.0,0.09000000357627869,,,0.0,,0.0,16093.0,4.0,275.70001220703125,,,,
4234246602,"Oct 23, 2020, 8:42:45 PM",Afternoon Run,Run,,2455,8.06,79,false,,activities/4529822879.fit.gz,,,2455.0,2449.0,8064.2001953125,4.099999904632568,3.2928543090820312,83.0,75.0,1632.0,1686.0,11.699999809265137,0.09176360070705414,,,87.0,84.30118560791016,,157.13894653320312,,,586.0,,,79.0,,,,,,,,,,,,,0.0,,1.0,8213.7001953125,1603483136.0,2.0,0.20000000298023224,-1.75,-6.78000020980835,0.5899999737739563,1024.4000244140625,1.649999976158142,3.430000066757202,154.0,0.0,1603459200.0,1603498240.0,0.27000001072883606,,,0.0,,0.6200000047683716,16093.0,3.0,280.70001220703125,,,,
4238925931,"Oct 24, 2020, 8:07:03 PM",Afternoon Walk,Walk,,7029,9.02,18,false,,activities/4534758162.fit.gz,,,7029.0,6919.0,9019.099609375,3.0,1.303526520729065,183.0,244.0,1791.0,1908.199951171875,44.099998474121094,-0.6963000893592834,,,103.0,56.419105529785156,,98.32290649414062,,,679.0,,,18.0,,,,,,,,,,,,,0.0,,1.0,,1603569664.0,2.0,17.579999923706055,17.579999923706055,-4.429999828338623,0.2199999988079071,1001.7000122070312,2.7899999618530273,7.099999904632568,70.0,0.0,1603545728.0,1603584640.0,0.30000001192092896,,,0.0,,0.7099999785423279,16093.0,3.0,266.8999938964844,,,,
4272751290,"Nov 1, 2020, 4:39:09 PM",Morning Activity,Workout,,2246,0,40,false,,activities/4570630229.fit.gz,,,2246.0,2246.0,0.0,0.0,0.0,0.0,0.0,363.6000061035156,366.79998779296875,0.0,0.0,,,,,,143.73776245117188,,,477.0,,,40.0,,,,,,,,,,,,,0.0,,1.0,,,,,,,,,,,,,,,,,,,,,,,,,,,
4297575693,"Nov 6, 2020, 3:25:36 PM",Perfect running weather!,Run,"",2453,8.09,79,false,,activities/4594156626.fit.gz,,,2453.0,2418.0,8098.7001953125,4.0,3.3493382930755615,26.0,62.0,1634.0,1673.4000244140625,9.899999618530273,-0.4148814082145691,,,88.0,84.75020599365234,,157.18280029296875,,,588.0,,,79.0,,,,,,,,,,,0.0,,0.0,,1.0,8081.7998046875,1604674816.0,2.0,8.600000381469727,8.09000015258789,-6.090000152587891,0.3499999940395355,1011.4000244140625,1.4700000286102295,2.5399999618530273,280.0,0.0,1604669824.0,1604706816.0,0.699999988079071,,,0.0,,0.36000001430511475,16093.0,0.0,259.0,,,,
4304451249,"Nov 7, 2020, 8:04:54 PM",Afternoon Ride,Ride,,6944,38.26,45,false,Cervelo P2,activities/4601452579.fit.gz,,8.618249893188477,6944.0,6666.0,38266.5,14.199999809265137,5.740549087524414,316.0,300.0,1617.5999755859375,1686.0,15.199999809265137,0.033972274512052536,,,,,,125.98400115966797,,,909.0,,,45.0,,,,,,,,,,,,,0.0,,1.0,,1604779264.0,3.0,22.40999984741211,22.40999984741211,-1.4600000381469727,0.20000000298023224,997.9000244140625,4.539999961853027,9.430000305175781,186.0,0.0,1604756224.0,1604793216.0,0.7400000095367432,6897014.0,,0.0,,0.9300000071525574,16093.0,3.0,249.3000030517578,,,,
4310179807,"Nov 8, 2020, 7:27:21 PM",Lunch Run,Run,,4367,6.60,51,false,,activities/4607544234.fit.gz,,,4367.0,1977.0,6608.60009765625,4.300000190734863,3.3427414894104004,19.0,5.0,1635.4000244140625,1650.199951171875,35.099998474121094,0.20881880819797516,,,88.0,83.42667388916016,,151.4125518798828,,,432.0,,,51.0,,,,,,,,,,,,,0.0,,1.0,6671.89990234375,1604861952.0,1.0,13.930000305175781,13.930000305175781,-14.4399995803833,0.12999999523162842,1000.0999755859375,3.609999895095825,7.949999809265137,173.0,0.0,1604842752.0,1604879488.0,0.7699999809265137,,,0.0,,0.019999999552965164,16093.0,3.0,281.79998779296875,,,,
4325194948,"Nov 12, 2020, 12:06:43 AM",'Bert' Hero WOD,Workout,"",3385,0,66,false,,activities/4623496076.fit.gz,,,3385.0,3385.0,0.0,0.0,0.0,0.0,0.0,277.0,280.79998779296875,0.0,0.0,,,,,,144.3199462890625,,,685.0,,,66.0,,,,,,,,,,,0.0,,0.0,,1.0,,,,,,,,,,,,,,,,,,,,,,,,,,,
4329735320,"Nov 13, 2020, 12:51:25 AM",Recovery cruise,Run,Legs are shot from the 'Bert' yesterday,2062,5.98,52,false,,activities/4628369767.fit.gz,,,2062.0,2062.0,5986.60009765625,3.4000000953674316,2.9032976627349854,6.0,6.0,383.79998779296875,389.6000061035156,1.899999976158142,0.026726355776190758,,,118.0,85.41885375976562,,149.90586853027344,,,471.0,,,52.0,,,,,,,,,,,0.0,,0.0,,1.0,5994.10009765625,1605225600.0,1.0,21.520000457763672,21.520000457763672,-7.340000152587891,0.14000000059604645,1014.5999755859375,1.090000033378601,1.600000023841858,196.0,0.0,1605189632.0,1605227392.0,0.9200000166893005,,,0.0,,0.009999999776482582,16093.0,0.0,268.1000061035156,,,,
4339197817,"Nov 14, 2020, 11:27:53 PM",Getting lost in the desert,Run,"",4161,10.11,84,false,,activities/4638402098.fit.gz,,,4161.0,4088.0,10109.099609375,3.799999952316284,2.472871780395508,234.0,225.0,490.0,577.4000244140625,20.799999237060547,0.07517978549003601,,,91.0,82.89161682128906,,146.64047241210938,,,887.0,,,84.0,,,,,,,,,,,0.0,,0.0,,1.0,10850.0,1605394816.0,1.0,23.780000686645508,23.780000686645508,-7.690000057220459,0.11999999731779099,1015.7999877929688,2.430000066757202,3.7100000381469727,186.0,0.0,1605362560.0,1605400192.0,1.0,,,0.0,,0.0,16093.0,1.0,261.3999938964844,,,,
4376745460,"Nov 22, 2020, 5:39:48 PM",Sunday Funday,Run,"",3055,10.08,91,false,,activities/4678012444.fit.gz,,,3055.0,3055.0,10085.099609375,4.199999809265137,3.301178455352783,32.0,6.0,1589.0,1615.0,4.099999904632568,0.2538398206233978,,,89.0,84.46317291259766,,154.61996459960938,,,729.0,,,91.0,,,,,,,,,,,0.0,,0.0,,1.0,10148.0,1606064384.0,1.0,2.630000114440918,0.8600000143051147,-11.449999809265137,0.3499999940395355,1030.800048828125,1.7899999618530273,3.2799999713897705,120.0,0.0,1606053248.0,1606088448.0,0.2800000011920929,,,0.0,,0.0,16093.0,2.0,268.0,,,,
4393886182,"Nov 26, 2020, 3:47:17 PM",Turkey Trot 10k,Run,"",3239,10.02,94,false,,activities/4696280372.fit.gz,,,3239.0,3239.0,10024.2998046875,4.0,3.094874858856201,33.0,22.0,1637.0,1652.0,5.800000190734863,0.12968486547470093,,,90.0,83.42963409423828,,153.57615661621094,,,764.0,,,94.0,,,,,,,,,,,0.0,,0.0,,1.0,10085.900390625,1606402816.0,1.0,-1.3200000524520874,-3.799999952316284,-7.679999828338623,0.6200000047683716,1020.2999877929688,1.850000023841858,2.5299999713897705,198.0,0.0,1606399232.0,1606433920.0,0.4000000059604645,,,0.0,,0.2800000011920929,16093.0,0.0,261.70001220703125,,,,
4403319424,"Nov 28, 2020, 4:16:21 PM",Watch test at Breck,Alpine Ski,"",3862,5.32,1,false,,activities/4706245262.fit.gz,,,3862.0,705.0,5321.5,14.800000190734863,7.548226833343506,691.8156127929688,1088.0,3036.0,3390.5,44.900001525878906,-5.616837501525879,,,,,,89.65446472167969,,,95.0,,,1.0,,3,,,,,,,,,0.0,,0.0,,1.0,,1606579200.0,1.0,-8.90999984741211,-12.949999809265137,-16.950000762939453,0.5199999809265137,1026.699951171875,2.069999933242798,2.950000047683716,317.0,0.0,1606572288.0,1606606976.0,0.46000000834465027,,,0.0,,0.0,16093.0,1.0,269.8999938964844,,,,
4409328072,"Nov 29, 2020, 6:51:09 PM",Lunch Activity,Workout,,2268,0,79,false,,activities/4712582583.fit.gz,,,2268.0,2268.0,0.0,0.0,0.0,0.0,0.0,1678.199951171875,1678.199951171875,0.0,0.0,,,,,,158.59963989257812,,,545.0,,,79.0,,,,,,,,,,,,,0.0,,1.0,,,,,,,,,,,,,,,,,,,,,,,,,,,
4485398090,"Dec 18, 2020, 12:16:26 AM",Crossfit!,Workout,"",2363,0,37,false,,activities/4792780107.fit.gz,,,2363.0,2363.0,0.0,0.0,0.0,0.0,0.0,536.0,536.0,0.0,0.0,,,,,,140.88743591308594,,,447.0,,,37.0,,,,,,,,,,,0.0,,0.0,,1.0,,,,,,,,,,,,,,,,,,,,,,,,,,,
4485494734,"Dec 18, 2020, 1:11:32 AM",Evening jog,Run,"",1837,5.93,57,false,,activities/4792880404.fit.gz,,,1837.0,1837.0,5930.0,3.9000000953674316,3.2280893325805664,17.0,4.0,387.0,400.0,31.299999237060547,0.21922428905963898,,,87.0,85.29280090332031,,156.7294464111328,,,434.0,,,57.0,,,,,,,,,,,0.0,,0.0,,1.0,5959.39990234375,1608253184.0,3.0,14.039999961853027,14.039999961853027,-3.880000114440918,0.28999999165534973,1011.0,1.0199999809265137,1.5,83.0,0.0,1608215424.0,1608251136.0,0.12999999523162842,,,0.0,,0.8799999952316284,16093.0,0.0,300.79998779296875,,,,
4498124841,"Dec 20, 2020, 7:56:52 PM",Crawling through cactus country,Run,First long run since September! ,5662,16.25,181,false,,activities/4806229364.fit.gz,,,5662.0,5657.0,16257.2001953125,3.5999999046325684,2.8738200664520264,38.0,22.0,402.79998779296875,429.6000061035156,9.899999618530273,0.09841793030500412,,,109.0,83.98833465576172,,157.2228546142578,,,1344.0,,,181.0,,,,,,7.0,,,,,0.0,180.0,0.0,,1.0,16351.2998046875,1608490752.0,1.0,15.869999885559082,15.869999885559082,-6.510000228881836,0.20999999344348907,1022.7999877929688,1.6299999952316284,2.930000066757202,129.0,0.0,1608474752.0,1608510464.0,0.23000000417232513,,,0.0,,0.0,16093.0,3.0,277.79998779296875,,,,
4516911106,"Dec 25, 2020, 6:35:12 PM",Fat Santa 10k 🎅,Run,Merry Christmas Strava people! ,3278,9.98,134,false,,activities/4826131952.fit.gz,,,3278.0,3272.0,9984.099609375,3.700000047683716,3.051375389099121,24.0,131.0,1621.5999755859375,1746.800048828125,3.200000047683716,-1.0556784868240356,,,87.0,83.76476287841797,,162.7993927001953,,,822.0,,,134.0,,,,,,6.0,,,,,0.0,86.0,0.0,,1.0,10034.0,1608919168.0,1.0,10.979999542236328,10.979999542236328,-13.170000076293945,0.17000000178813934,1018.4000244140625,1.940000057220459,3.309999942779541,223.0,0.0,1608906112.0,1608939776.0,0.3799999952316284,,,0.0,,0.0,16093.0,2.0,300.8999938964844,,,,
4521125161,"Dec 26, 2020, 5:00:20 PM",Morning Activity,Alpine Ski,,4173,11.07,2,false,,activities/4830572753.fit.gz,,,4173.0,1129.0,11070.2998046875,17.0,9.805402755737305,1931.66796875,2277.0,3049.89990234375,3518.10009765625,11.800000190734863,-2.7704758644104004,,,,,,95.5485610961914,,,91.0,,,2.0,,6,,,,,,,,,,,0.0,,1.0,,1609001984.0,1.0,-5.039999961853027,-8.8100004196167,-12.279999732971191,0.5699999928474426,1016.5999755859375,2.359999895095825,3.9600000381469727,207.0,0.0,1608992640.0,1609026432.0,0.4099999964237213,,,0.0,,0.05000000074505806,16093.0,1.0,287.6000061035156,,,,
4545302630,"Dec 31, 2020, 3:56:48 PM",Morning Swim,Swim,,2728,"2,000",70,false,,activities/4856216351.fit.gz,,,2728.0,2698.0,2000.0,0.8999999761581421,0.7412898540496826,0.0,,,,0.0,0.0,,,,24.0,,141.0673065185547,,,400.0,,,70.0,,,,,,,,,,,,,0.0,,1.0,,,,,,,,,,,,,,,,,,,,,,,,,,,
4550621291,"Jan 1, 2021, 4:26:16 PM",Morning Activity,Alpine Ski,,9935,10.78,3,false,,activities/4861870298.fit.gz,,,9935.0,1669.0,10784.0,16.600000381469727,6.4613542556762695,1537.5513916015625,2108.0,2996.60009765625,3512.39990234375,43.79999923706055,-3.176928758621216,,,,,,88.4682846069336,,,224.0,,,3.0,,6,,,,,,,,,,,0.0,,1.0,,1609516800.0,2.0,-12.789999961853027,-12.789999961853027,-15.800000190734863,0.7799999713897705,1025.9000244140625,0.7900000214576721,1.3200000524520874,22.0,0.0,1609511168.0,1609545216.0,0.6000000238418579,,,0.0,,0.4300000071525574,16093.0,0.0,320.29998779296875,,,,
4562620285,"Jan 3, 2021, 3:53:27 PM",Morning Activity,Alpine Ski,,13217,16.71,6,false,,activities/4874524214.fit.gz,,,13217.0,2330.0,16712.099609375,16.700000762939453,7.172574996948242,2426.66259765625,3114.0,2999.60009765625,3459.5,43.099998474121094,-2.3563764095306396,,,,,,99.6997299194336,,,221.0,,,6.0,,9,,,,,,,,,,,0.0,,1.0,,1609686016.0,2.0,-10.579999923706055,-17.270000457763672,-16.219999313354492,0.6299999952316284,1022.9000244140625,3.9800000190734863,6.579999923706055,311.0,0.0,1609683968.0,1609718016.0,0.6700000166893005,,,0.0,,0.3799999952316284,16093.0,0.0,303.0,,,,
4573914346,"Jan 5, 2021, 10:54:05 PM",Afternoon Run,Run,,2511,8.19,93,false,,activities/4886382130.fit.gz,,,2511.0,2499.0,8197.5,4.300000190734863,3.2803120613098145,86.0,86.0,1622.4000244140625,1673.5999755859375,10.800000190734863,-0.002439768286421895,,,89.0,84.10668182373047,,160.0384521484375,,,579.0,,,93.0,,,,,,,,,,,,,0.0,,1.0,8323.0,1609884032.0,2.0,9.369999885559082,6.5,-8.270000457763672,0.2800000011920929,1010.9000244140625,5.820000171661377,11.199999809265137,289.0,0.0,1609856640.0,1609890688.0,0.7400000095367432,,,0.0,,0.7300000190734863,16093.0,1.0,311.1000061035156,,,,
4584174357,"Jan 7, 2021, 9:44:03 PM",5k push!,Run,"",1406,4.99,46,false,,activities/4897139114.fit.gz,,,1406.0,1406.0,4992.2998046875,4.099999904632568,3.550711154937744,11.0,5.0,1669.800048828125,1681.4000244140625,2.5999999046325684,0.0961480662226677,,,91.0,85.84510803222656,,157.218505859375,,,314.0,,,46.0,,,,,,,,,,,0.0,,0.0,,1.0,5011.2998046875,1610053248.0,2.0,6.949999809265137,5.230000019073486,-7.099999904632568,0.36000001430511475,1016.2999877929688,2.4800000190734863,3.619999885559082,48.0,0.0,1610029440.0,1610063616.0,0.8100000023841858,,,0.0,,0.5899999737739563,16093.0,1.0,289.20001220703125,,,,
4588075078,"Jan 8, 2021, 5:44:06 PM",Quick lunch miles,Run,"",2041,6.58,63,false,,activities/4901230517.fit.gz,,,2041.0,2036.0,6582.5,4.099999904632568,3.2330551147460938,67.0,66.0,1628.0,1683.0,12.800000190734863,0.015191796235740185,,,89.0,84.11302185058594,,155.38949584960938,,,462.0,,,63.0,,,,,,,,,,,0.0,,0.0,,1.0,6687.5,1610125184.0,1.0,2.549999952316284,0.30000001192092896,-10.069999694824219,0.38999998569488525,1028.300048828125,2.200000047683716,3.759999990463257,161.0,0.0,1610115840.0,1610150016.0,0.8500000238418579,,,0.0,,0.019999999552965164,16093.0,1.0,289.3999938964844,,,,
4594231786,"Jan 9, 2021, 3:47:33 PM",Morning Activity,Alpine Ski,,13674,21.44,6,false,,activities/4907662702.fit.gz,,,13674.0,2501.0,21440.900390625,17.399999618530273,8.572931289672852,3593.70166015625,4133.0,2995.60009765625,3644.699951171875,48.599998474121094,-1.2825953960418701,,,,,,97.0244369506836,,,330.0,,,6.0,,11,,,,,,,,,,,0.0,,1.0,,1610204416.0,2.0,-14.510000228881836,-19.049999237060547,-17.700000762939453,0.7699999809265137,1025.5999755859375,1.840000033378601,3.140000104904175,119.0,0.0,1610202240.0,1610236800.0,0.8899999856948853,,,0.0,,0.49000000953674316,16093.0,0.0,315.8999938964844,,,,
4594823817,"Jan 9, 2021, 8:34:14 PM",Afternoon Activity,Alpine Ski,,5779,9.20,2,false,,activities/4908287097.fit.gz,,,5779.0,1225.0,9200.2998046875,15.199999809265137,7.510448932647705,1231.7607421875,1615.0,3038.199951171875,3472.5,11.300000190734863,-3.2303295135498047,,,,,,93.73832702636719,,,136.0,,,2.0,,4,,,,,,,,,,,0.0,,1.0,,1610222336.0,3.0,-3.319999933242798,-7.429999828338623,-11.600000381469727,0.5299999713897705,1021.9000244140625,2.950000047683716,5.590000152587891,148.0,0.0,1610202368.0,1610236800.0,0.8899999856948853,,,0.0,,0.8899999856948853,15447.0,2.0,313.1000061035156,,,,
4629726132,"Jan 16, 2021, 1:50:14 PM","Crossfit ""marathon"" wod",Workout,"",2342,0,80,false,,activities/4944780642.fit.gz,,,2342.0,2342.0,0.0,0.0,0.0,0.0,0.0,371.6000061035156,385.79998779296875,0.0,0.0,,,,,,156.8070068359375,,,532.0,,,80.0,,,,,,,,,,,0.0,,0.0,,1.0,,,,,,,,,,,,,,,,,,,,,,,,,,,
4638050451,"Jan 17, 2021, 6:27:41 PM",Lunch Run,Run,,1849,5.90,57,false,,activities/4953452422.fit.gz,,,1849.0,1849.0,5906.2998046875,3.700000047683716,3.1943211555480957,6.0,8.0,380.20001220703125,387.0,2.299999952316284,-0.0033862146083265543,,,87.0,85.21312713623047,,156.12168884277344,,,417.0,,,57.0,,,,,,,,,,,,,0.0,,1.0,5914.89990234375,1610906368.0,1.0,18.260000228881836,18.260000228881836,-16.549999237060547,0.07999999821186066,1018.7999877929688,1.8300000429153442,2.740000009536743,87.0,0.0,1610894080.0,1610930944.0,0.17000000178813934,,,0.0,,0.05000000074505806,16093.0,3.0,297.79998779296875,,,,
4697706801,"Jan 29, 2021, 12:30:36 AM",Evening jog,Run,"",1860,5.96,49,false,,activities/5015504933.fit.gz,,,1860.0,1860.0,5964.5,3.700000047683716,3.2067203521728516,10.0,6.0,383.3999938964844,392.0,1.600000023841858,0.08382932096719742,,,88.0,85.06831359863281,,151.5102081298828,,,422.0,,,49.0,,,,,,,,,,,0.0,,0.0,,1.0,5980.10009765625,1611878400.0,2.0,20.68000030517578,20.68000030517578,-4.070000171661377,0.1899999976158142,1013.7999877929688,2.940000057220459,5.360000133514404,100.0,0.0,1611844096.0,1611881856.0,0.5099999904632568,,,0.0,,0.7400000095367432,16093.0,0.0,263.0,,,,
4714516873,"Jan 31, 2021, 10:47:30 PM","3 laps, feeling great!",Run,"",2777,8.74,82,false,,activities/5033025703.fit.gz,,,2777.0,2777.0,8748.2998046875,3.5,3.1502699851989746,10.0,12.0,380.0,387.0,1.2000000476837158,-0.01371695101261139,,,89.0,85.21024322509766,,155.0673370361328,,,650.0,,,82.0,,,,,,,,,,,0.0,,0.0,,1.0,8756.0,1612130432.0,2.0,22.290000915527344,22.290000915527344,-4.909999847412109,0.1599999964237213,1018.9000244140625,1.9199999570846558,4.619999885559082,80.0,0.0,1612103296.0,1612141312.0,0.6200000047683716,,,0.0,,0.5299999713897705,16093.0,2.0,275.29998779296875,,,,
4740251902,"Feb 5, 2021, 6:50:18 PM",Lunch Run,Run,,1428,4.99,56,false,,activities/5059714798.fit.gz,,,1428.0,1424.0,4996.2998046875,4.900000095367432,3.5086376667022705,27.0,48.0,1637.5999755859375,1673.199951171875,11.399999618530273,-0.4083021581172943,,,90.0,85.80818176269531,,161.56259155273438,,,352.0,,,56.0,,,,,,,,,,,,,0.0,,1.0,5002.2998046875,1612547968.0,2.0,4.130000114440918,0.9900000095367432,-14.5600004196167,0.23999999463558197,1010.2000122070312,3.680000066757202,8.34000015258789,240.0,0.0,1612533888.0,1612571136.0,0.800000011920929,,,0.0,,0.5799999833106995,16093.0,2.0,363.3999938964844,,,,
4763025017,"Feb 10, 2021, 12:45:16 AM",Pre Crossfit warmup run,Run,"",739,2.61,15,false,,activities/5083359034.fit.gz,,,739.0,739.0,2616.60009765625,4.199999809265137,3.5407307147979736,7.0,0.0,371.3999938964844,380.79998779296875,2.799999952316284,0.3210272789001465,,,89.0,86.72899627685547,,145.51083374023438,,,156.0,,,15.0,,,,,,,,,,,0.0,,0.0,,1.0,2633.89990234375,1612915200.0,2.0,23.420000076293945,23.420000076293945,-12.300000190734863,0.07999999821186066,1011.9000244140625,1.1100000143051147,2.190000057220459,234.0,0.0,1612880384.0,1612919296.0,0.9399999976158142,,,0.0,,0.800000011920929,16093.0,0.0,277.70001220703125,,,,
4768241855,"Feb 11, 2021, 1:08:32 AM",Post Crossfit cooldown run,Run,"",571,1.90,16,false,,activities/5088760392.fit.gz,,,571.0,568.0,1904.800048828125,7.199999809265137,3.3535211086273193,236.0,0.0,368.0,605.5999755859375,2.299999952316284,12.473750114440918,,,87.0,84.22856903076172,,153.25352478027344,,,133.0,,,16.0,,,,,,,,,,,0.0,,0.0,,1.0,1916.300048828125,1613005184.0,1.0,21.479999542236328,21.479999542236328,-4.510000228881836,0.17000000178813934,1010.7000122070312,1.7899999618530273,2.4100000858306885,227.0,0.0,1612966784.0,1613005824.0,0.9800000190734863,,,0.0,,0.28999999165534973,16093.0,0.0,272.6000061035156,,,,
4773073290,"Feb 11, 2021, 11:50:57 PM",Afternoon Run,Run,,1602,5.03,45,false,,activities/5093768139.fit.gz,,,1602.0,1602.0,5033.10009765625,3.5,3.1417603492736816,0.0,9.0,377.20001220703125,386.6000061035156,2.700000047683716,-0.13510559499263763,,,90.0,86.41448211669922,,152.14356994628906,,,373.0,,,45.0,,,,,,,,,,,,,0.0,,1.0,5029.89990234375,1613084416.0,1.0,24.760000228881836,24.760000228881836,-5.619999885559082,0.12999999523162842,1011.9000244140625,2.25,2.8299999237060547,227.0,0.0,1613053056.0,1613092352.0,0.009999999776482582,,,0.0,,0.0,16093.0,2.0,261.29998779296875,,,,
