Promotion Seen,Timestamp
Activity Detail Weather Upsell,1596584169
Activity Detail Weather Upsell,1596584225
Activity Detail Weather Upsell,1598716090
Activity Detail Weather Upsell,1598716150
Activity Detail Weather Upsell,1599324820
Activity Detail Weather Upsell,1599324834
Activity Detail Weather Upsell,1599961962
Activity Detail Weather Upsell,1599962287
Activity Detail Weather Upsell,1600865075
Activity Detail Weather Upsell,1600865115
Activity Detail Weather Upsell,1601553247
Activity Detail Weather Upsell,1601833627
Activity Detail Weather Upsell,1602277022
Activity Detail Weather Upsell,1602946131
Activity Detail Weather Upsell,1602946153
Activity Detail Weather Upsell,1604679819
Activity Detail Weather Upsell,1604679865
Activity Detail Weather Upsell,1605407933
Activity Detail Weather Upsell,1605407962
Activity Detail Weather Upsell,1606074049
Activity Detail Weather Upsell,1606074090
Activity Detail Weather Upsell,1608256037
Activity Detail Weather Upsell,1608256123
Activity Detail Weather Upsell,1608927535
Activity Detail Weather Upsell,1608927657
Activity Detail Weather Upsell,1609541693
Activity Detail Weather Upsell,1609791014
Activity Detail Weather Upsell,1610241884
Activity Detail Weather Upsell,1610910705
Activity Detail Weather Upsell,1610910757
Activity Detail Weather Upsell,1611882479
Activity Detail Weather Upsell,1611882497
Activity Detail Weather Upsell,1612554247
Activity Detail Weather Upsell,1612619990
Feed Follow Option Coachmark,1591025129
Grade Adjusted Pace Activity Detail Upsell,1591664936
Grade Adjusted Pace Activity Detail Upsell,1592155656
Grade Adjusted Pace Activity Detail Upsell,1592907997
