Photo Filename,Photo Caption
photos/65deeab1-611a-4966-a408-e81fe4bd414d.jpg,""
photos/113300c2-6cb8-4696-ba93-3f98b9177e17.jpg,""
photos/e03320c1-92ae-4f56-af7d-5ebf8981673f.jpg,""
photos/682c254d-e780-4ebe-a463-0d68be99c5a6.jpg,""
photos/6df59570-9b83-4a90-a5c9-7b1c020b9ae0.jpg,""
photos/2e2fd756-cc6e-4dde-8781-d84c7ac08c14.jpg,""
photos/6a276f5a-1242-4368-bde1-7d70e40478ba.jpg,""
photos/520b95dd-cefa-43d3-b447-df439cc30b6f.jpg,""
photos/ee0d9138-8e47-444c-b531-30fb368c5007.jpg,""
photos/f41fe38a-cdee-4d3e-a39b-d1e3146ac7da.jpg,""
photos/f24c86a4-ff4e-410d-ab1f-6160e3b692a3.jpg,""
photos/a8ecff27-1da9-4c51-a5d3-9016f24d6cdb.jpg,""
photos/a53e471f-88bf-4351-bcd7-eff56fcc8e61.jpg,""
photos/aee4b348-3d03-4630-918b-df5627b44acf.jpg,""
photos/a8d6338a-ae8c-48df-bafb-5135faad3a46.jpg,""
photos/00d6a702-334e-4b59-bc30-37e0b23fe0a2.jpg,""
photos/ba0efb2c-71d5-4e36-9007-1a26d9a7a76a.jpg,""
photos/a754c36b-775c-4de7-95fa-d66d890dba72.jpg,""
photos/dd68006e-0880-4c0a-a848-39804cff05c5.jpg,""
photos/fd719d90-b260-4f25-b1a5-b075a52b3654.jpg,""
photos/11955a71-2c12-40fa-a97a-59f01b4712fe.jpg,""
photos/13a95349-325f-4480-9e24-021f9554f351.jpg,""
